"Time_Iter","Outer_Iter","Inner_Iter",    "rms[Rho]"    ,    "rms[RhoU]"   ,    "rms[RhoV]"   ,    "rms[RhoW]"   ,    "rms[RhoE]"   
          0,           0,           0,      -2.831253576,      -12.13907418,      -12.13166003,      -12.13811355,       2.332281853
          0,           0,           1,      -2.763807721,     -0.3668508951,     -0.4228481448,     -0.4405145529,       2.612019971
          0,           0,           2,      -2.699851143,      -0.226550159,     -0.2633854241,     -0.2930278951,       2.739810714
          0,           0,           3,      -2.696587345,     -0.1893453065,     -0.2420551364,     -0.2536349605,       2.753919534
          0,           0,           4,      -2.769214617,     -0.2060998956,     -0.2960870791,     -0.3058121723,        2.68263234
          0,           0,           5,      -2.868881173,     -0.2405500007,     -0.3721153402,     -0.3747527201,       2.590072198
          0,           0,           6,      -2.940420563,      -0.285235896,     -0.4305262526,     -0.4308500002,        2.51795338
          0,           0,           7,      -2.988407974,     -0.3364374233,     -0.4755682006,     -0.4753645479,       2.468988688
          0,           0,           8,       -3.02652661,     -0.3890072074,     -0.5153928627,     -0.5133814956,       2.430981982
          0,           0,           9,      -3.069039944,     -0.4395127148,     -0.5534277584,     -0.5506225426,       2.387877973
          0,           0,          10,      -3.130074723,     -0.4867105504,     -0.5943208393,     -0.5919299477,       2.323914535
          0,           0,          11,      -3.213991619,     -0.5306782585,     -0.6395161148,     -0.6363057596,       2.229230131
          0,           0,          12,       -3.28915886,     -0.5714104871,      -0.677752311,     -0.6707684468,       2.128691478
          0,           0,          13,      -3.279109168,     -0.6076158441,     -0.6890556877,     -0.6769724826,       2.123716106
          0,           0,          14,       -3.19799185,     -0.6380581758,     -0.6709953794,     -0.6567141142,       2.220801066
          0,           0,          15,      -3.119310074,     -0.6623693207,     -0.6424005971,     -0.6284945617,       2.317549327
          0,           0,          16,      -3.070536995,     -0.6826725223,     -0.6217944583,     -0.6088906967,       2.379226294
          0,           0,          17,      -3.054925199,     -0.7027097261,     -0.6186109523,     -0.6061056488,       2.404323993
          0,           0,          18,      -3.071209352,     -0.7259793888,     -0.6358671058,     -0.6227309796,       2.395643778
          0,           0,          19,      -3.118409836,     -0.7543251613,     -0.6732269318,      -0.658306904,       2.354818654
          0,           0,          20,      -3.195687244,     -0.7873550655,     -0.7273540858,     -0.7095202072,       2.282337984
          0,           0,          21,      -3.297744678,     -0.8224016829,     -0.7897486283,      -0.768310615,       2.181090664
          0,           0,          22,      -3.405575776,     -0.8551365453,     -0.8463587138,     -0.8220620361,       2.063729324
          0,           0,          23,      -3.475881569,     -0.8818908752,      -0.882863124,     -0.8580594099,       1.970771165
          0,           0,          24,      -3.489981421,     -0.9020812308,     -0.8994209902,     -0.8761560726,       1.940444045
          0,           0,          25,      -3.485694562,     -0.9181528534,     -0.9085256279,     -0.8870627085,       1.944798271
          0,           0,          26,      -3.497401408,     -0.9334912595,     -0.9211762716,     -0.9006944043,       1.939664835
          0,           0,          27,      -3.535078539,     -0.9501814079,     -0.9406019965,     -0.9203277973,       1.908608272
          0,           0,          28,      -3.593036621,     -0.9682252259,     -0.9633296292,     -0.9431176228,       1.855056365
          0,           0,          29,      -3.653192321,     -0.9859737077,     -0.9830788343,     -0.9634838493,        1.79627147
          0,           0,          30,      -3.691849588,      -1.001423497,     -0.9955204396,     -0.9774079894,       1.757516836
          0,           0,          31,      -3.702305658,      -1.013438216,      -1.001115124,     -0.9849106205,       1.749013378
          0,           0,          32,      -3.701062042,      -1.022124195,      -1.003370091,     -0.9889802923,       1.755207491
          0,           0,          33,      -3.705792687,      -1.028484486,      -1.005499333,     -0.9925485207,       1.756847051
          0,           0,          34,      -3.721993779,      -1.033634631,      -1.008411493,     -0.9965498044,       1.746919404
          0,           0,          35,      -3.744191418,      -1.038297299,      -1.011053069,      -1.000073584,       1.729620594
          0,           0,          36,      -3.761728624,      -1.042741115,      -1.012099586,      -1.001875277,       1.714502418
          0,           0,          37,      -3.767480174,      -1.046996049,      -1.011390433,      -1.001722928,       1.708746987
          0,           0,          38,      -3.764944018,      -1.051187665,      -1.010295913,      -1.000852808,       1.710346256
          0,           0,          39,       -3.76415806,      -1.055521741,      -1.010770151,       -1.00111972,       1.710554238
          0,           0,          40,      -3.773039313,      -1.060157566,      -1.014109499,      -1.003841606,       1.701493516
          0,           0,          41,      -3.791912489,      -1.064994753,      -1.020129934,      -1.008953385,       1.681925491
          0,           0,          42,      -3.812678335,      -1.069591541,      -1.027277746,      -1.015143723,       1.658821556
          0,           0,          43,      -3.822977752,      -1.073240854,      -1.033540267,      -1.020711492,       1.644409526
          0,           0,          44,      -3.814405868,      -1.075315765,      -1.037430606,      -1.024413688,       1.649029529
          0,           0,          45,      -3.789823817,      -1.075494465,       -1.03856537,      -1.025976174,       1.672140385
          0,           0,          46,      -3.759837147,      -1.073889374,        -1.0376877,       -1.02608687,       1.703467224
          0,           0,          47,      -3.734655345,       -1.07100349,       -1.03631373,      -1.026084688,       1.731753872
          0,           0,          48,      -3.719614669,      -1.067466242,      -1.035823282,      -1.027180169,         1.7506541
          0,           0,          49,      -3.716313102,      -1.063846351,      -1.037018651,      -1.030052928,       1.757989243
          0,           0,          50,      -3.724208794,      -1.060515454,      -1.040006968,       -1.03474663,       1.753984181
          0,           0,          51,      -3.741471817,      -1.057615873,      -1.044327673,      -1.040773746,       1.740231098
          0,           0,          52,      -3.765359343,      -1.055123099,      -1.049194836,      -1.047337284,       1.719218682
          0,           0,          53,      -3.792523273,      -1.052918017,       -1.05379235,      -1.053607895,       1.694018015
          0,           0,          54,      -3.819458679,      -1.050869338,      -1.057491016,      -1.058940308,       1.667922227
          0,           0,          55,      -3.843279121,      -1.048885439,      -1.059972391,      -1.062996359,       1.643804296
          0,           0,          56,      -3.862523368,      -1.046929344,      -1.061232923,      -1.065748042,       1.623374792
          0,           0,          57,       -3.87733719,       -1.04501394,      -1.061489761,      -1.067404947,         1.6068984
          0,           0,          58,       -3.88892595,      -1.043188603,      -1.061051547,      -1.068267051,       1.593546575
          0,           0,          59,      -3.898757116,      -1.041520281,      -1.060225296,      -1.068627813,       1.582078784
          0,           0,          60,      -3.908034244,      -1.040076844,      -1.059264667,      -1.068728916,        1.57137852
          0,           0,          61,      -3.917569815,      -1.038917752,       -1.05836397,      -1.068758316,       1.560648923
          0,           0,          62,      -3.927881433,      -1.038094812,      -1.057669409,       -1.06885211,       1.549362735
          0,           0,          63,      -3.939272052,       -1.03765859,      -1.057283566,      -1.069105695,       1.537192533
          0,           0,          64,      -3.951813726,      -1.037646252,      -1.057263865,      -1.069576928,       1.524017806
          0,           0,          65,      -3.965280823,      -1.038089014,      -1.057622234,      -1.070282795,       1.509987258
          0,           0,          66,      -3.979124969,      -1.039004609,      -1.058331082,      -1.071201798,       1.495556813
          0,           0,          67,      -3.992563566,      -1.040396726,      -1.059335833,      -1.072290299,       1.481427192
          0,           0,          68,      -4.004789738,      -1.042254658,       -1.06057475,      -1.073503445,       1.468364247
          0,           0,          69,      -4.015234798,      -1.044565961,      -1.061998863,       -1.07480915,       1.456951525
          0,           0,          70,      -4.023709618,      -1.047314008,      -1.063575621,      -1.076192257,       1.447437163
          0,           0,          71,      -4.030383921,      -1.050480742,       -1.06528397,      -1.077652023,       1.439724105
          0,           0,          72,      -4.035635595,      -1.054046186,      -1.067108469,       -1.07919083,       1.433495023
          0,           0,          73,      -4.039876454,      -1.057991141,      -1.069034383,      -1.080811005,       1.428378341
          0,           0,          74,      -4.043415688,      -1.062297083,      -1.071043492,      -1.082511729,       1.424090896
          0,           0,          75,      -4.046457414,      -1.066947698,      -1.073121868,      -1.084288367,       1.420452994
          0,           0,          76,      -4.049142947,      -1.071929584,      -1.075256892,      -1.086139926,       1.417346737
          0,           0,          77,      -4.051599476,      -1.077235286,      -1.077443889,      -1.088070082,        1.41466049
          0,           0,          78,      -4.053979564,      -1.082859893,       -1.07968351,      -1.090090077,       1.412243418
          0,           0,          79,      -4.056458141,      -1.088804844,      -1.081981723,      -1.092213068,       1.409901367
          0,           0,          80,      -4.059205265,      -1.095077598,      -1.084345864,      -1.094448824,       1.407424814
          0,           0,          81,      -4.062367336,      -1.101690489,      -1.086780229,      -1.096805779,        1.40461688
          0,           0,          82,      -4.066053951,      -1.108660541,      -1.089285621,      -1.099290182,       1.401315122
          0,           0,          83,      -4.070352144,      -1.116006224,      -1.091861782,      -1.101904734,       1.397383387
          0,           0,          84,      -4.075324069,      -1.123750902,      -1.094505223,      -1.104649853,       1.392724061
          0,           0,          85,      -4.081020893,      -1.131918216,      -1.097213285,      -1.107522767,       1.387261264
          0,           0,          86,      -4.087481686,      -1.140532878,      -1.099983413,       -1.11052327,       1.380942325
          0,           0,          87,      -4.094716572,        -1.1496166,      -1.102814117,       -1.11364925,       1.373752876
          0,           0,          88,      -4.102699501,      -1.159183418,      -1.105706583,      -1.116899076,       1.365719683
          0,           0,          89,      -4.111362478,      -1.169244635,      -1.108664787,      -1.120273091,       1.356914563
          0,           0,          90,      -4.120589436,      -1.179803329,       -1.11169721,      -1.123773279,       1.347458918
          0,           0,          91,      -4.130221516,      -1.190852389,      -1.114814606,      -1.127403122,       1.337518468
          0,           0,          92,      -4.140074314,      -1.202375152,      -1.118036925,      -1.131169969,        1.32728686
          0,           0,          93,      -4.149943504,      -1.214344584,      -1.121390856,      -1.135086757,       1.316980077
          0,           0,          94,      -4.159625244,      -1.226721993,      -1.124909992,      -1.139173645,       1.306815499
          0,           0,          95,      -4.168941064,      -1.239456314,      -1.128637481,      -1.143457479,       1.296990116
          0,           0,          96,      -4.177760883,      -1.252481347,      -1.132624286,      -1.147975489,       1.287656744
          0,           0,          97,      -4.186011655,      -1.265721176,      -1.136930813,      -1.152771896,       1.278912822
          0,           0,          98,       -4.19367993,      -1.279087644,      -1.141624903,      -1.157898811,       1.270796505
          0,           0,          99,      -4.200810974,      -1.292485552,      -1.146781147,       -1.16341508,       1.263285848
          0,           0,         100,      -4.207495688,      -1.305815709,       -1.15247718,      -1.169383244,       1.256307085
          0,           0,         101,       -4.21385133,      -1.318978586,      -1.158791812,      -1.175868041,       1.249753879
          0,           0,         102,      -4.220004163,      -1.331882251,       -1.16580248,      -1.182932005,       1.243504302
          0,           0,         103,      -4.226081253,      -1.344446986,      -1.173579669,      -1.190633519,       1.237428985
          0,           0,         104,      -4.232195306,      -1.356607466,      -1.182183338,      -1.199023797,       1.231407206
          0,           0,         105,      -4.238448231,      -1.368322466,      -1.191660652,      -1.208142291,       1.225324939
          0,           0,         106,       -4.24493347,      -1.379572196,      -1.202042978,      -1.218018192,       1.219073828
          0,           0,         107,      -4.251732973,      -1.390353749,        -1.2133391,      -1.228661026,       1.212554738
          0,           0,         108,      -4.258912734,      -1.400671367,      -1.225528676,       -1.24006007,       1.205683394
          0,           0,         109,      -4.266526803,      -1.410526742,      -1.238559706,      -1.252178155,        1.19838819
          0,           0,         110,      -4.274609542,      -1.419900251,      -1.252340058,       -1.26494976,       1.190617102
          0,           0,         111,      -4.283169067,      -1.428732023,      -1.266732035,      -1.278275918,       1.182347414
          0,           0,         112,      -4.292159339,      -1.436899093,      -1.281537009,      -1.292013297,       1.173612269
          0,           0,         113,      -4.301485748,      -1.444204686,      -1.296489814,      -1.305966677,       1.164498535
          0,           0,         114,      -4.310962675,      -1.450375908,      -1.311254136,      -1.319880137,       1.155189753
          0,           0,         115,      -4.320363929,      -1.455125754,      -1.325441799,      -1.333444823,       1.145919644
          0,           0,         116,      -4.329458025,      -1.458230188,      -1.338666965,       -1.34632257,       1.136936013
          0,           0,         117,      -4.338008669,      -1.459611269,      -1.350611813,      -1.358176608,       1.128495531
          0,           0,         118,      -4.345816042,      -1.459376288,      -1.361099647,      -1.368721513,       1.120819808
          0,           0,         119,      -4.352702181,      -1.457784864,      -1.370106857,      -1.377758924,       1.114114932
          0,           0,         120,      -4.358492222,      -1.455160628,      -1.377736758,      -1.385225324,        1.10858639
          0,           0,         121,      -4.363094727,      -1.451836383,      -1.384131697,      -1.391206539,         1.1043695
          0,           0,         122,      -4.366395146,      -1.448079343,      -1.389400499,      -1.395910452,       1.101609398
          0,           0,         123,      -4.368306411,      -1.444128358,      -1.393630149,      -1.399624954,       1.100413825
          0,           0,         124,      -4.368669552,      -1.440172514,      -1.396920968,       -1.40263699,       1.100940093
          0,           0,         125,      -4.367461741,      -1.436312911,      -1.399437277,      -1.405193248,       1.103183589
          0,           0,         126,      -4.364844464,      -1.432578623,      -1.401407285,      -1.407468236,       1.106933598
          0,           0,         127,       -4.36122603,      -1.428961203,      -1.403096639,      -1.409595722,       1.111721161
          0,           0,         128,      -4.357110149,      -1.425441408,      -1.404749193,      -1.411698882,       1.116983649
          0,           0,         129,      -4.352932169,      -1.422036003,      -1.406544129,      -1.413904407,       1.122237396
          0,           0,         130,      -4.348995515,      -1.418795698,       -1.40859077,      -1.416345032,       1.127147159
          0,           0,         131,      -4.345473216,      -1.415808693,      -1.410941359,      -1.419133615,       1.131525478
          0,           0,         132,      -4.342470665,      -1.413173237,      -1.413616702,      -1.422344038,       1.135263842
          0,           0,         133,      -4.340064337,      -1.410983906,      -1.416624706,       -1.42600049,       1.138293046
          0,           0,         134,      -4.338321006,      -1.409314342,      -1.419970582,      -1.430082564,        1.14055715
          0,           0,         135,      -4.337295714,      -1.408213719,      -1.423659512,      -1.434537659,       1.142012797
          0,           0,         136,      -4.337017681,      -1.407710516,      -1.427688169,      -1.439293671,       1.142642366
          0,           0,         137,      -4.337467865,      -1.407811638,      -1.432032233,      -1.444266632,       1.142473879
          0,           0,         138,      -4.338563621,      -1.408511393,      -1.436633643,      -1.449357518,       1.141595412
          0,           0,         139,      -4.340194768,      -1.409797235,      -1.441403737,      -1.454457647,       1.140122442
          0,           0,         140,      -4.342230252,       -1.41165593,      -1.446229307,      -1.459447445,       1.138190237
          0,           0,         141,      -4.344543648,      -1.414073837,      -1.450982514,      -1.464204746,       1.135930775
          0,           0,         142,       -4.34702846,      -1.417029914,      -1.455532645,      -1.468610882,       1.133457151
          0,           0,         143,      -4.349605608,      -1.420489756,      -1.459759581,      -1.472561069,       1.130855782
          0,           0,         144,      -4.352196828,      -1.424398878,      -1.463559652,      -1.475970631,       1.128210286
          0,           0,         145,      -4.354706225,      -1.428678734,      -1.466853542,      -1.478783413,       1.125619042
          0,           0,         146,      -4.357035708,      -1.433228676,      -1.469598536,      -1.480978786,       1.123182446
          0,           0,         147,      -4.359120166,       -1.43793881,      -1.471797126,       -1.48257875,       1.120969876
          0,           0,         148,      -4.360961932,      -1.442701543,      -1.473502367,      -1.483649632,       1.118986737
          0,           0,         149,      -4.362650081,      -1.447430388,      -1.474815716,      -1.484297766,       1.117154938
          0,           0,         150,      -4.364346187,      -1.452077936,      -1.475878698,      -1.484661843,       1.115323885
          0,           0,         151,      -4.366250937,      -1.456647087,      -1.476859587,      -1.484901124,       1.113301251
          0,           0,         152,      -4.368577892,      -1.461192434,      -1.477940825,      -1.485174732,       1.110878146
          0,           0,         153,      -4.371535522,      -1.465822437,      -1.479300632,      -1.485646102,       1.107846259
          0,           0,         154,       -4.37530915,      -1.470689792,      -1.481099706,      -1.486463598,       1.104015507
          0,           0,         155,      -4.380062583,      -1.475977488,      -1.483474435,      -1.487757886,        1.09921414
          0,           0,         156,      -4.385927086,       -1.48189162,      -1.486531926,       -1.48963604,       1.093300656
          0,           0,         157,      -4.393020521,      -1.488650025,      -1.490348042,      -1.492183379,       1.086145605
          0,           0,         158,      -4.401444182,      -1.496476135,      -1.494969925,      -1.495464408,       1.077636064
          0,           0,         159,      -4.411282852,       -1.50559555,      -1.500417908,      -1.499525431,       1.067673337
          0,           0,         160,      -4.422601214,      -1.516234371,      -1.506689475,      -1.504398222,       1.056177709
          0,           0,         161,      -4.435453735,      -1.528615099,      -1.513767484,      -1.510104129,       1.043080051
          0,           0,         162,      -4.449871511,      -1.542953793,      -1.521624506,      -1.516658984,       1.028331366
          0,           0,         163,      -4.465863393,      -1.559455901,      -1.530225906,      -1.524073446,       1.011904818
          0,           0,         164,      -4.483406476,      -1.578308381,      -1.539534934,      -1.532357136,      0.9938048863
          0,           0,         165,      -4.502422375,      -1.599669809,      -1.549512508,      -1.541517083,      0.9740914015
          0,           0,         166,       -4.52275005,      -1.623651901,      -1.560113611,      -1.551551995,      0.9529104046
          0,           0,         167,      -4.544126973,      -1.650299896,      -1.571287585,      -1.562449951,      0.9305158581
          0,           0,         168,      -4.566189583,      -1.679565962,      -1.582978083,      -1.574183487,      0.9072770489
          0,           0,         169,      -4.588434921,      -1.711265962,      -1.595120304,      -1.586703579,      0.8837211633
          0,           0,         170,      -4.610272788,      -1.745035112,      -1.607641456,      -1.599939596,      0.8604912003
          0,           0,         171,      -4.631068069,      -1.780260751,      -1.620462716,      -1.613797975,      0.8383067402
          0,           0,         172,      -4.650213718,      -1.816013258,       -1.63349987,      -1.628162364,       0.817887652
          0,           0,         173,      -4.667193764,       -1.85098804,      -1.646662406,      -1.642893122,       0.799875658
          0,           0,         174,      -4.681645487,      -1.883512969,      -1.659854607,      -1.657829944,      0.7847472997
          0,           0,         175,      -4.693405203,      -1.911690992,      -1.672976748,      -1.672800417,       0.772741697
          0,           0,         176,      -4.702527667,      -1.933741763,      -1.685932023,      -1.687630531,      0.7638235484
          0,           0,         177,       -4.70927458,       -1.94847793,       -1.69863639,      -1.702156261,      0.7576929371
          0,           0,         178,      -4.714073166,      -1.955698223,      -1.711026827,      -1.716236157,       0.753840913
          0,           0,         179,       -4.71745762,      -1.956258273,      -1.723064898,      -1.729759222,      0.7516290721
          0,           0,         180,      -4.720003051,      -1.951761159,      -1.734737864,      -1.742649314,       0.750376782
          0,           0,         181,      -4.722266379,      -1.944073404,      -1.746058696,      -1.754868102,      0.7494351021
          0,           0,         182,      -4.724748694,      -1.934928415,      -1.757062297,      -1.766415067,      0.7482312164
          0,           0,         183,      -4.727875757,      -1.925725439,      -1.767804825,      -1.777329331,      0.7462891441
          0,           0,         184,      -4.731988407,      -1.917493372,      -1.778360478,      -1.787684521,      0.7432355857
          0,           0,         185,      -4.737345892,      -1.910936367,      -1.788812001,      -1.797580361,      0.7387918499
          0,           0,         186,      -4.744129915,      -1.906504404,      -1.799247336,      -1.807134126,      0.7327654001
          0,           0,         187,      -4.752449963,      -1.904461749,      -1.809750779,      -1.816472159,      0.7250409979
          0,           0,         188,      -4.762352248,      -1.904945671,       -1.82039747,      -1.825718401,      0.7155696095
          0,           0,         189,      -4.773822026,      -1.908006378,      -1.831248393,      -1.834988101,       0.704364396
          0,           0,         190,      -4.786798257,      -1.913633513,      -1.842348169,      -1.844381813,      0.6914864789
          0,           0,         191,      -4.801147394,      -1.921767052,      -1.853717023,      -1.853978732,      0.6770694419
          0,           0,         192,      -4.816691053,      -1.932309335,      -1.865353351,      -1.863835844,      0.6612946593
          0,           0,         193,      -4.833185361,      -1.945117223,      -1.877229706,      -1.873984785,      0.6444131024
          0,           0,         194,       -4.85031691,      -1.959996088,      -1.889292254,      -1.884431979,      0.6267512472
          0,           0,         195,      -4.867698392,      -1.976681651,      -1.901459102,      -1.895156648,      0.6087182722
          0,           0,         196,      -4.884869612,      -1.994811886,      -1.913621805,      -1.906110379,      0.5908079979
          0,           0,         197,       -4.90131525,      -2.013906948,      -1.925644982,      -1.917215688,      0.5735831538
          0,           0,         198,      -4.916510947,      -2.033348393,       -1.93737032,      -1.928367951,      0.5576287408
          0,           0,         199,      -4.929994748,      -2.052377047,      -1.948624526,      -1.939437389,      0.5434749969
          0,           0,         200,      -4.941425482,      -2.070117577,      -1.959230399,       -1.95027523,      0.5315266202
          0,           0,         201,      -4.950612433,      -2.085643875,      -1.969021528,      -1.960725004,      0.5220203594
          0,           0,         202,      -4.957525277,        -2.0980898,      -1.977858213,       -1.97063296,      0.5150058914
          0,           0,         203,      -4.962296895,      -2.106798355,      -1.985647628,      -1.979860956,      0.5103419462
          0,           0,         204,      -4.965206129,      -2.111450637,      -1.992353364,      -1.988301336,      0.5077183332
          0,           0,         205,      -4.966640279,      -2.112132261,      -1.998000548,      -1.995889167,      0.5067016563
          0,           0,         206,      -4.967040212,      -2.109302724,      -2.002674405,      -2.002610449,      0.5067995402
          0,           0,         207,      -4.966850977,      -2.103682797,      -2.006512826,       -2.00850424,      0.5075181136
          0,           0,         208,       -4.96648659,      -2.096111075,      -2.009696151,       -2.01366117,      0.5084021652
          0,           0,         209,       -4.96631183,      -2.087420497,      -2.012435958,      -2.018218612,      0.5090551206
          0,           0,         210,      -4.966636005,      -2.078364307,      -2.014965914,      -2.022350964,      0.5091451379
          0,           0,         211,      -4.967703455,      -2.069576705,      -2.017522105,      -2.026252166,       0.508413386
          0,           0,         212,      -4.969690582,       -2.06155527,      -2.020325289,      -2.030120073,      0.5066756744
          0,           0,         213,      -4.972709164,      -2.054665431,      -2.023569013,      -2.034141916,      0.5038176066
          0,           0,         214,      -4.976814738,      -2.049155485,      -2.027413305,      -2.038485099,      0.4997849636
          0,           0,         215,      -4.982015772,       -2.04517863,      -2.031983409,      -2.043292834,      0.4945733212
          0,           0,         216,       -4.98828466,      -2.042814827,      -2.037372479,      -2.048681402,      0.4882165561
          0,           0,         217,      -4.995562736,      -2.042093117,      -2.043643669,      -2.054740465,      0.4807813876
          0,           0,         218,      -5.003766594,      -2.043001229,       -2.05083418,       -2.06153366,      0.4723602552
          0,           0,         219,       -5.01278291,      -2.045502593,      -2.058955576,      -2.069099933,      0.4630776264
          0,           0,         220,      -5.022475229,      -2.049541043,      -2.067996861,      -2.077453887,      0.4530827515
          0,           0,         221,      -5.032679395,      -2.055046699,      -2.077925668,      -2.086586354,      0.4425549753
          0,           0,         222,      -5.043205196,      -2.061937944,      -2.088688493,      -2.096465114,      0.4317024242
          0,           0,         223,      -5.053845084,      -2.070122259,      -2.100210034,      -2.107035017,      0.4207538398
          0,           0,         224,       -5.06436628,      -2.079494974,      -2.112392097,      -2.118215481,      0.4099641774
          0,           0,         225,      -5.074539869,      -2.089939099,      -2.125112468,      -2.129903101,      0.3995873944
          0,           0,         226,      -5.084142957,      -2.101324579,      -2.138226325,      -2.141969762,      0.3898703089
          0,           0,         227,      -5.092979525,      -2.113507258,      -2.151566285,      -2.154265831,      0.3810298531
          0,           0,         228,      -5.100900546,       -2.12632777,      -2.164946615,      -2.166623591,      0.3732300788
          0,           0,         229,      -5.107819387,      -2.139611931,      -2.178167349,      -2.178862258,      0.3665643859
          0,           0,         230,      -5.113710811,      -2.153172515,      -2.191017986,      -2.190793362,      0.3610547135
          0,           0,         231,      -5.118583975,      -2.166811202,      -2.203285867,      -2.202227809,      0.3566779709
          0,           0,         232,      -5.122472064,      -2.180322164,       -2.21477071,      -2.212985873,      0.3533802648
          0,           0,         233,       -5.12545034,      -2.193498518,      -2.225303132,      -2.222911187,      0.3510624616
          0,           0,         234,      -5.127662527,      -2.206144509,      -2.234761038,      -2.231885954,      0.3495571471
          0,           0,         235,      -5.129322931,      -2.218091366,      -2.243080163,      -2.239842279,      0.3486274157
          0,           0,         236,       -5.13070015,      -2.229214557,      -2.250259667,      -2.246769203,      0.3479835109
          0,           0,         237,      -5.132096926,      -2.239448834,      -2.256364867,      -2.252715827,      0.3473037526
          0,           0,         238,      -5.133823706,      -2.248797705,      -2.261521726,      -2.257785955,      0.3462616593
          0,           0,         239,      -5.136165837,      -2.257334104,      -2.265902932,      -2.262126094,      0.3445587251
          0,           0,         240,      -5.139355823,      -2.265190272,      -2.269709041,       -2.26591069,      0.3419510929
          0,           0,         241,      -5.143572149,      -2.272543624,      -2.273155442,      -2.269330374,      0.3382506879
          0,           0,         242,      -5.148945836,      -2.279603156,      -2.276461939,       -2.27258162,       0.333318347
          0,           0,         243,      -5.155565554,       -2.28659338,      -2.279840176,      -2.275857362,      0.3270584482
          0,           0,         244,      -5.163477059,      -2.293738475,      -2.283483009,      -2.279337669,      0.3194186447
          0,           0,         245,      -5.172683765,      -2.301248847,       -2.28755721,      -2.283183609,      0.3103889626
          0,           0,         246,      -5.183154653,      -2.309314689,      -2.292200491,      -2.287534392,       0.299994453
          0,           0,         247,      -5.194827812,      -2.318103832,      -2.297520836,      -2.292504707,      0.2882918077
          0,           0,         248,      -5.207615547,       -2.32776479,      -2.303597227,      -2.298183789,       0.275364639
          0,           0,         249,      -5.221404151,      -2.338428254,      -2.310480974,      -2.304635619,       0.261324239
          0,           0,         250,      -5.236050923,      -2.350209339,      -2.318196003,      -2.311899081,      0.2463131438
          0,           0,         251,      -5.251374685,       -2.36320696,      -2.326738447,      -2.319988319,      0.2305150593
          0,           0,         252,      -5.267149695,      -2.377498695,      -2.336075722,      -2.328891983,      0.2141624003
          0,           0,         253,      -5.283098557,      -2.393133836,        -2.3461446,      -2.338572793,      0.1975449518
          0,           0,         254,      -5.298893027,       -2.41012291,      -2.356850169,      -2.348966138,      0.1810104831
          0,           0,         255,      -5.314165572,      -2.428422355,      -2.368064928,       -2.35997866,      0.1649551482
          0,           0,         256,      -5.328530724,      -2.447917022,       -2.37962822,      -2.371486435,      0.1498018973
          0,           0,         257,      -5.341622766,      -2.468400027,      -2.391348037,      -2.383334228,      0.1359609128
          0,           0,         258,      -5.353135752,      -2.489551164,      -2.403003095,      -2.395334351,      0.1237842518
          0,           0,         259,      -5.362853402,      -2.510924567,      -2.414347744,      -2.407268346,      0.1135283778
          0,           0,         260,      -5.370662064,      -2.531948019,      -2.425124449,      -2.418892271,      0.1053356363
          0,           0,         261,      -5.376557601,      -2.551941546,      -2.435083741,      -2.429949613,     0.09922441215
          0,           0,         262,      -5.380645959,      -2.570161504,      -2.444006551,      -2.440190728,     0.09508695671
          0,           0,         263,      -5.383130944,      -2.585882507,      -2.451722839,      -2.449395062,     0.09270277154
          0,           0,         264,      -5.384287259,       -2.59849842,      -2.458130246,       -2.45739266,     0.09176978447
          0,           0,         265,      -5.384432006,      -2.607624619,      -2.463204709,      -2.464084398,     0.09193841635
          0,           0,         266,      -5.383900317,      -2.613168489,      -2.467006729,      -2.469455548,     0.09284099895
          0,           0,         267,      -5.383033392,      -2.615345277,      -2.469681445,      -2.473581404,     0.09410767421
          0,           0,         268,      -5.382167482,      -2.614637255,      -2.471443977,      -2.476618335,     0.09537933179
          0,           0,         269,      -5.381620575,      -2.611708964,      -2.472557058,      -2.478784463,     0.09632113665
          0,           0,         270,      -5.381677136,      -2.607304032,      -2.473304541,      -2.480334637,     0.09663690033
          0,           0,         271,      -5.382576262,      -2.602150645,      -2.473966908,      -2.481535811,     0.09607921417
          0,           0,         272,      -5.384510116,      -2.596897737,      -2.474803499,      -2.482647482,     0.09445003005
          0,           0,         273,      -5.387629213,      -2.592085133,      -2.476042398,      -2.483909296,     0.09159468673
          0,           0,         274,      -5.392048721,       -2.58813985,      -2.477876116,      -2.485533103,     0.08739471604
          0,           0,         275,      -5.397853925,       -2.58538845,      -2.480461418,      -2.487698711,     0.08176195078
          0,           0,         276,       -5.40510474,      -2.584074829,      -2.483920854,        -2.4905533,     0.07463358477
          0,           0,         277,      -5.413837591,      -2.584378474,      -2.488345291,      -2.494212435,     0.06597009176
          0,           0,         278,       -5.42406611,      -2.586430765,      -2.493796969,      -2.498762388,     0.05575437733
          0,           0,         279,       -5.43578202,      -2.590328238,      -2.500312851,      -2.504263068,     0.04399098754
          0,           0,         280,      -5.448950799,      -2.596140763,      -2.507906693,      -2.510750911,     0.03071035063
          0,           0,         281,      -5.463514187,      -2.603919659,      -2.516571806,       -2.51824257,     0.01596690137
          0,           0,         282,      -5.479384981,      -2.613700368,      -2.526282621,       -2.52673749,  -0.0001554325551
          0,           0,         283,      -5.496441599,      -2.625502357,      -2.536996081,       -2.53621992,    -0.01753696942
          0,           0,         284,      -5.514515513,      -2.639323267,      -2.548651624,      -2.546660147,    -0.03600916661
          0,           0,         285,      -5.533378548,      -2.655130233,      -2.561170421,       -2.55801459,     -0.0553406579
          0,           0,         286,      -5.552735207,      -2.672845432,      -2.574452998,      -2.570224407,    -0.07522712197
          0,           0,         287,      -5.572212841,      -2.692323344,      -2.588377738,      -2.583212081,    -0.09527964687
          0,           0,         288,      -5.591370065,      -2.713327406,      -2.602795223,      -2.596876497,     -0.1150312879
          0,           0,         289,      -5.609724475,      -2.735502828,      -2.617526215,      -2.611087175,     -0.1339639084
          0,           0,         290,      -5.626795404,      -2.758351879,      -2.632360874,      -2.625679612,     -0.1515524893
          0,           0,         291,      -5.642157394,         -2.781223,       -2.64706273,      -2.640452892,     -0.1673237999
          0,           0,         292,       -5.65549455,      -2.803321415,      -2.661377379,      -2.655172358,     -0.1809183408
          0,           0,         293,      -5.666640467,      -2.823755144,      -2.675046238,      -2.669577997,     -0.1921394904
          0,           0,         294,      -5.675593773,      -2.841622962,       -2.68782417,      -2.683399609,     -0.2009757573
          0,           0,         295,      -5.682503593,      -2.856137908,      -2.699501812,      -2.696379715,     -0.2075883819
          0,           0,         296,      -5.687635644,      -2.866761853,      -2.709930704,      -2.708303013,     -0.2122739269
          0,           0,         297,      -5.691334527,      -2.873309004,      -2.719046386,      -2.719025573,     -0.2154199893
          0,           0,         298,      -5.693990451,      -2.875980789,      -2.726879912,      -2.728493193,     -0.2174633096
          0,           0,         299,      -5.696011473,      -2.875317891,      -2.733555142,      -2.736745437,     -0.2188547766
          0,           0,         300,       -5.69779562,      -2.872087484,      -2.739269754,      -2.743904612,     -0.2200274539
          0,           0,         301,      -5.699711621,      -2.867152918,      -2.744271996,      -2.750156522,     -0.2213757193
          0,           0,         302,      -5.702079813,      -2.861359692,      -2.748833443,      -2.755726506,     -0.2232372025
          0,           0,         303,       -5.70516656,      -2.855460748,      -2.753227296,      -2.760857972,     -0.2258885417
          0,           0,         304,      -5.709180759,      -2.850079578,      -2.757710481,      -2.765793585,     -0.2295441651
          0,           0,         305,      -5.714269703,      -2.845694043,      -2.762507885,       -2.77076004,     -0.2343548119
          0,           0,         306,      -5.720519901,      -2.842639707,      -2.767802859,      -2.775956956,     -0.2404098167
          0,           0,         307,      -5.727973799,      -2.841146472,       -2.77374085,      -2.781552978,     -0.2477530972
          0,           0,         308,      -5.736641162,      -2.841378778,       -2.78043617,      -2.787685786,     -0.2563948667
          0,           0,         309,      -5.746496655,      -2.843451028,      -2.787970944,      -2.794460712,     -0.2663099958
          0,           0,         310,      -5.757475744,      -2.847434321,      -2.796392989,      -2.801950009,     -0.2774336363
          0,           0,         311,      -5.769471062,      -2.853364096,      -2.805716362,      -2.810193391,     -0.2896570979
          0,           0,         312,      -5.782328134,      -2.861245528,      -2.815922994,      -2.819199798,     -0.3028231182
          0,           0,         313,      -5.795841845,      -2.871055058,      -2.826962177,      -2.828948147,     -0.3167210151
          0,           0,         314,      -5.809753978,      -2.882738531,      -2.838750978,      -2.839389023,     -0.3310831862
          0,           0,         315,      -5.823753181,      -2.896204501,      -2.851173556,      -2.850445294,     -0.3455834483
          0,           0,         316,       -5.83748261,      -2.911313097,      -2.864081105,        -2.8620127,     -0.3598435316
          0,           0,         317,      -5.850558499,      -2.927860649,      -2.877290732,      -2.873960089,     -0.3734511945
          0,           0,         318,      -5.862602106,      -2.945563413,      -2.890587846,      -2.886130056,     -0.3859930669
          0,           0,         319,       -5.87328254,      -2.964041164,      -2.903729463,      -2.898339868,     -0.3971005465
          0,           0,         320,      -5.882358031,      -2.982806205,      -2.916451191,      -2.910383602,     -0.4064962798
          0,           0,         321,      -5.889699013,      -3.001262055,      -2.928479145,      -2.922037833,      -0.414023812
          0,           0,         322,      -5.895288375,      -3.018719716,      -2.939547673,      -2.933072615,     -0.4196532866
          0,           0,         323,      -5.899212983,      -3.034443843,      -2.949422573,      -2.943267332,     -0.4234748006
          0,           0,         324,       -5.90165513,      -3.047732014,      -2.957926723,      -2.952430935,     -0.4256880975
          0,           0,         325,      -5.902876995,      -3.058015766,      -2.964961366,      -2.960422793,     -0.4265829025
          0,           0,         326,      -5.903191217,      -3.064957341,      -2.970516725,      -2.967168108,      -0.426504162
          0,           0,         327,      -5.902923575,       -3.06850791,      -2.974670878,      -2.972665649,     -0.4258098161
          0,           0,         328,      -5.902389586,      -3.068908427,      -2.977583792,      -2.976990366,     -0.4248440749
          0,           0,         329,      -5.901894026,      -3.066642916,      -2.979489342,      -2.980291438,      -0.423934864
          0,           0,         330,      -5.901732247,      -3.062359232,      -2.980676358,      -2.982778887,     -0.4233945014
          0,           0,         331,      -5.902175591,      -3.056780349,      -2.981459879,      -2.984701183,     -0.4235055886
          0,           0,         332,       -5.90345105,      -3.050616494,      -2.982150233,      -2.986320076,     -0.4245024082
          0,           0,         333,      -5.905729006,      -3.044499529,       -2.98303044,      -2.987889883,     -0.4265603601
          0,           0,         334,      -5.909123729,      -3.038949282,      -2.984344038,      -2.989643609,     -0.4297973719
          0,           0,         335,      -5.913701202,      -3.034367914,      -2.986291334,      -2.991785849,     -0.4342820694
          0,           0,         336,      -5.919487757,       -3.03105153,      -2.989030336,      -2.994489043,      -0.440042617
          0,           0,         337,      -5.926476825,      -3.029209292,      -2.992679763,       -2.99789281,      -0.447073564
          0,           0,         338,      -5.934632467,      -3.028983264,       -2.99732298,      -3.002104266,     -0.4553393072
          0,           0,         339,      -5.943889224,      -3.030465581,      -3.003011345,      -3.007199395,     -0.4647737697
          0,           0,         340,       -5.95414989,      -3.033712018,      -3.009766733,      -3.013224737,     -0.4752777804
          0,           0,         341,      -5.965281495,      -3.038748998,      -3.017583485,      -3.020198991,     -0.4867144506
          0,           0,         342,      -5.977111329,      -3.045580152,      -3.026428896,      -3.028114371,     -0.4989043316
          0,           0,         343,      -5.989424587,      -3.054186932,       -3.03624356,      -3.036937534,      -0.511621999
          0,           0,         344,      -6.001964855,      -3.064527019,       -3.04694067,      -3.046609952,     -0.5245955096
          0,           0,         345,      -6.014440147,      -3.076529877,      -3.058405369,      -3.057047911,     -0.5375116317
          0,           0,         346,      -6.026536464,      -3.090089764,      -3.070494089,      -3.068142233,     -0.5500292583
          0,           0,         347,      -6.037940068,       -3.10505672,      -3.083034483,      -3.079757916,     -0.5618029031
          0,           0,         348,      -6.048366875,      -3.121226848,       -3.09582591,      -3.091734021,     -0.5725150134
          0,           0,         349,      -6.057593054,      -3.138332946,      -3.108641088,      -3.103883881,     -0.5819113314
          0,           0,         350,      -6.065470599,      -3.156039259,      -3.121229988,      -3.115996999,     -0.5898217201
          0,           0,         351,      -6.071916847,      -3.173940332,      -3.133328766,      -3.127844347,     -0.5961537621
          0,           0,         352,       -6.07690169,       -3.19156747,      -3.144677071,      -3.139188736,     -0.6008803969
          0,           0,         353,      -6.080454155,      -3.208405097,      -3.155039392,       -3.14979998,     -0.6040447221
          0,           0,         354,      -6.082691585,      -3.223926396,       -3.16422776,      -3.159473748,     -0.6057848222
          0,           0,         355,      -6.083827418,      -3.237643851,      -3.172120176,      -3.168052127,      -0.606339211
          0,           0,         356,      -6.084148923,      -3.249168672,      -3.178671265,      -3.175439886,      -0.606022948
          0,           0,         357,      -6.083975766,      -3.258263715,      -3.183915497,      -3.181613726,     -0.6051840622
          0,           0,         358,      -6.083622587,      -3.264876162,      -3.187963388,      -3.186623953,     -0.6041637048
          0,           0,         359,      -6.083383655,      -3.269144211,      -3.190993679,      -3.190590242,     -0.6032784185
          0,           0,         360,      -6.083535497,        -3.2713802,      -3.193240986,      -3.193691386,      -0.602821182
          0,           0,         361,      -6.084337725,      -3.272031954,      -3.194975198,      -3.196148651,     -0.6030620924
          0,           0,         362,      -6.086023471,      -3.271628296,      -3.196477625,      -3.198204319,       -0.60424028
          0,           0,         363,      -6.088784689,      -3.270717563,       -3.19801777,      -3.200101847,     -0.6065514219
          0,           0,         364,       -6.09276303,      -3.269814693,      -3.199836707,      -3.202070448,     -0.6101403823
          0,           0,         365,       -6.09805055,      -3.269368003,      -3.202138508,      -3.204315174,      -0.615102742
          0,           0,         366,      -6.104697726,      -3.269747601,      -3.205088145,      -3.207011779,     -0.6214929221
          0,           0,         367,       -6.11272251,      -3.271249204,      -3.208813062,      -3.210304812,     -0.6293331685
          0,           0,         368,      -6.122116007,      -3.274105482,      -3.213405978,      -3.214307621,     -0.6386192478
          0,           0,         369,      -6.132843745,      -3.278498621,      -3.218927777,      -3.219103595,     -0.6493217851
          0,           0,         370,       -6.14484396,      -3.284571865,      -3.225410061,      -3.224748104,     -0.6613845518
          0,           0,         371,      -6.158023484,      -3.292438839,       -3.23285722,      -3.231270733,     -0.6747202563
          0,           0,         372,      -6.172251882,      -3.302189552,      -3.241247913,      -3.238677603,      -0.689204308
          0,           0,         373,       -6.18735452,      -3.313892394,      -3.250535989,      -3.246953347,     -0.7046671556
          0,           0,         374,      -6.203105608,      -3.327591305,      -3.260650876,      -3.256062599,     -0.7208860647
          0,           0,         375,      -6.219222531,      -3.343296999,      -3.271497402,      -3.265950606,     -0.7375775017
          0,           0,         376,      -6.235363263,      -3.360970794,      -3.282955222,      -3.276542762,     -0.7543919406
          0,           0,         377,      -6.251129748,      -3.380499936,      -3.294877405,      -3.287742295,     -0.7709142853
          0,           0,         378,      -6.266083936,      -3.401665415,       -3.30708829,      -3.299425911,     -0.7866775134
          0,           0,         379,      -6.279787279,       -3.42410704,      -3.319381372,        -3.3114383,     -0.8012019756
          0,           0,         380,      -6.291862788,      -3.447292733,      -3.331520626,      -3.323588143,     -0.8140609581
          0,           0,         381,      -6.302047614,      -3.470503254,      -3.343247689,      -3.335649488,     -0.8249401513
          0,           0,         382,      -6.310209226,      -3.492838986,      -3.354299509,       -3.34737035,     -0.8336621354
          0,           0,         383,      -6.316343009,      -3.513267878,      -3.364430207,      -3.358488731,      -0.840191676
          0,           0,         384,      -6.320565845,      -3.530733012,      -3.373432618,      -3.368753909,     -0.8446337518
          0,           0,         385,       -6.32309936,      -3.544314729,       -3.38115737,      -3.377950681,     -0.8472169025
          0,           0,         386,      -6.324241726,       -3.55340683,      -3.387529133,      -3.385923394,     -0.8482612346
          0,           0,         387,      -6.324339545,      -3.557843992,      -3.392559615,      -3.392597114,     -0.8481444331
          0,           0,         388,      -6.323768822,      -3.557931449,      -3.396353443,      -3.397991003,     -0.8472767117
          0,           0,         389,      -6.322919597,      -3.554368972,      -3.399100919,      -3.402217529,      -0.846080495
          0,           0,         390,      -6.322175233,      -3.548102213,      -3.401056565,      -3.405466148,     -0.8449666632
          0,           0,         391,      -6.321888879,      -3.540155648,      -3.402509874,      -3.407977396,     -0.8443101033
          0,           0,         392,      -6.322365214,       -3.53149559,      -3.403756856,      -3.410015752,      -0.844431986
          0,           0,         393,      -6.323852521,      -3.522947567,      -3.405078059,      -3.411847224,        -0.8455929
          0,           0,         394,      -6.326544174,      -3.515166652,      -3.406724834,      -3.413723549,     -0.8479954263
          0,           0,         395,      -6.330583302,       -3.50864288,      -3.408912223,      -3.415872096,     -0.8517899764
          0,           0,         396,      -6.336064112,      -3.503720477,      -3.411814803,      -3.418489249,     -0.8570774595
          0,           0,         397,      -6.343032754,      -3.500620613,      -3.415564497,      -3.421735878,     -0.8639110034
          0,           0,         398,      -6.351498308,      -3.499475492,      -3.420254957,      -3.425736615,      -0.872306397
          0,           0,         399,      -6.361446225,      -3.500367074,      -3.425949892,      -3.430584201,     -0.8822547535
          0,           0,         400,      -6.372838769,      -3.503349721,      -3.432688093,      -3.436343324,     -0.8937229306
          0,           0,         401,      -6.385607222,      -3.508456997,      -3.440483575,      -3.443052827,     -0.9066457115
          0,           0,         402,      -6.399644441,      -3.515704281,      -3.449325647,      -3.450727506,     -0.9209180171
          0,           0,         403,      -6.414798222,      -3.525089976,      -3.459179583,      -3.459359935,      -0.936387632
          0,           0,         404,      -6.430864709,      -3.536593374,       -3.46998699,       -3.46892206,     -0.9528474209
          0,           0,         405,      -6.447582292,      -3.550169308,      -3.481665723,      -3.479366082,     -0.9700274474
          0,           0,         406,      -6.464627874,      -3.565736593,      -3.494108819,      -3.490624126,     -0.9875892996
          0,           0,         407,      -6.481618203,      -3.583161897,      -3.507183099,      -3.502606822,      -1.005125522
          0,           0,         408,      -6.498122795,      -3.602238134,      -3.520727017,       -3.51520058,      -1.022171618
          0,           0,         409,      -6.513693376,      -3.622659868,      -3.534548436,      -3.528263994,      -1.038236649
          0,           0,         410,      -6.527906976,      -3.644000054,      -3.548424234,      -3.541624574,      -1.052850402
          0,           0,         411,      -6.540409292,      -3.665693569,      -3.562104681,      -3.555077964,      -1.065613277
          0,           0,         412,      -6.550948397,      -3.687035313,      -3.575324205,      -3.568391484,      -1.076237783
          0,           0,         413,      -6.559400331,      -3.707203825,      -3.587817587,      -3.581313447,      -1.084581303
          0,           0,         414,      -6.565786181,      -3.725322488,      -3.599340071,      -3.593588665,      -1.090667075
          0,           0,         415,      -6.570269794,      -3.740561645,       -3.60968805,      -3.604978188,      -1.094681201
          0,           0,         416,      -6.573128787,      -3.752264838,      -3.618717647,      -3.615281361,      -1.096938755
          0,           0,         417,      -6.574710091,      -3.760066096,        -3.6263609,       -3.62435785,      -1.097832107
          0,           0,         418,      -6.575391679,      -3.763957728,      -3.632639024,      -3.632147531,      -1.097785371
          0,           0,         419,      -6.575560119,       -3.76428762,      -3.637667421,      -3.638681842,      -1.097226182
          0,           0,         420,      -6.575595796,      -3.761688634,      -3.641645781,      -3.644080426,       -1.09656728
          0,           0,         421,      -6.575856011,      -3.756964495,      -3.644834132,      -3.648533553,      -1.096188582
          0,           0,         422,      -6.576657087,      -3.750967528,       -3.64752294,      -3.652276996,      -1.096420476
          0,           0,         423,      -6.578261441,      -3.744499241,      -3.650005442,      -3.655566771,      -1.097533132
          0,           0,         424,      -6.580872905,      -3.738248984,      -3.652556807,      -3.658658407,      -1.099734056
          0,           0,         425,      -6.584639726,      -3.732770453,      -3.655421288,      -3.661792227,      -1.103172796
          0,           0,         426,      -6.589661243,      -3.728485323,       -3.65880617,      -3.665184124,      -1.107948888
          0,           0,         427,      -6.595994292,      -3.725699998,      -3.662880301,      -3.669020412,      -1.114119218
          0,           0,         428,      -6.603656184,      -3.724624542,       -3.66777348,      -3.673455053,      -1.121701667
          0,           0,         429,      -6.612625379,      -3.725390845,      -3.673576724,      -3.678607585,      -1.130676056
          0,           0,         430,      -6.622843934,      -3.728073561,      -3.680344574,      -3.684562516,      -1.140986165
          0,           0,         431,      -6.634219912,      -3.732712147,      -3.688100006,      -3.691371394,      -1.152541605
          0,           0,         432,      -6.646624324,      -3.739324047,      -3.696837915,      -3.699055982,      -1.165214175
          0,           0,         433,       -6.65988376,      -3.747907218,      -3.706525465,      -3.707610494,      -1.178829543
          0,           0,         434,      -6.673773168,      -3.758437229,       -3.71710129,      -3.717002824,      -1.193158797
          0,           0,         435,      -6.688011549,      -3.770861365,      -3.728474632,      -3.727175241,      -1.207912697
          0,           0,         436,       -6.70226328,      -3.785089208,      -3.740524427,      -3.738044568,      -1.222741308
          0,           0,         437,      -6.716148921,      -3.800979569,       -3.75309836,      -3.749501762,       -1.23724319
          0,           0,         438,      -6.729269208,      -3.818324187,      -3.766012439,      -3.761411157,      -1.250988624
          0,           0,         439,       -6.74124342,      -3.836830043,      -3.779051788,      -3.773609659,      -1.263559106
          0,           0,         440,      -6.751755621,      -3.856103961,      -3.791973629,      -3.785906523,      -1.274597501
          0,           0,         441,      -6.760589192,      -3.875643154,      -3.804514364,      -3.798085548,      -1.283848968
          0,           0,         442,      -6.767634758,      -3.894835074,      -3.816403051,      -3.809912087,      -1.291175325
          0,           0,         443,      -6.772888612,      -3.912976846,      -3.827380643,      -3.821145151,      -1.296557731
          0,           0,         444,      -6.776455346,      -3.929326581,      -3.837221929,      -3.831554043,      -1.300100811
          0,           0,         445,      -6.778543304,       -3.94318709,      -3.845757334,       -3.84093869,       -1.30202704
          0,           0,         446,      -6.779442008,      -3.954007791,      -3.852890878,      -3.849150087,      -1.302650953
          0,           0,         447,      -6.779484547,      -3.961476687,      -3.858609331,       -3.85610638,      -1.302336828
          0,           0,         448,      -6.779012305,      -3.965571918,      -3.862984998,      -3.861803102,      -1.301458527
          0,           0,         449,      -6.778359365,       -3.96655982,      -3.866173942,       -3.86631783,      -1.300379956
          0,           0,         450,      -6.777852382,      -3.964946958,       -3.86840653,      -3.869805694,      -1.299452237
          0,           0,         451,       -6.77780463,      -3.961400845,      -3.869965551,       -3.87248265,      -1.299006783
          0,           0,         452,      -6.778498272,      -3.956655603,      -3.871156137,      -3.874600521,      -1.299338418
          0,           0,         453,      -6.780166327,      -3.951424359,      -3.872277316,      -3.876421987,      -1.300689094
          0,           0,         454,      -6.782984426,      -3.946336862,      -3.873601713,       -3.87820105,      -1.303241155
          0,           0,         455,      -6.787072965,      -3.941908978,      -3.875364495,      -3.880170236,      -1.307120441
          0,           0,         456,      -6.792504912,      -3.938539116,       -3.87775951,      -3.882533343,      -1.312404573
          0,           0,         457,      -6.799314292,      -3.936521075,      -3.880939808,      -3.885461986,      -1.319131722
          0,           0,         458,      -6.807502479,      -3.936064089,      -3.885020657,      -3.889094706,      -1.327307025
          0,           0,         459,      -6.817041451,      -3.937313021,      -3.890082871,        -3.8935376,      -1.336905861
          0,           0,         460,      -6.827873759,       -3.94036556,      -3.896175866,      -3.898865818,      -1.347873665
          0,           0,         461,      -6.839909677,      -3.945285413,      -3.903320269,      -3.905125548,      -1.360122719
          0,           0,         462,      -6.853022339,      -3.952110754,      -3.911509487,      -3.912335961,      -1.373526656
          0,           0,         463,      -6.867041625,      -3.960858273,      -3.920710459,      -3.920490794,      -1.387913423
          0,           0,         464,      -6.881748142,      -3.971523319,      -3.930863616,      -3.929559449,      -1.403057949
          0,           0,         465,       -6.89686888,      -3.984076098,       -3.94188238,       -3.93948754,      -1.418676212
          0,           0,         466,       -6.91207722,      -3.998453706,      -3.953652347,      -3.950196858,      -1.434423499
          0,           0,         467,       -6.92700112,      -4.014547737,       -3.96603035,      -3.961584696,      -1.449901215
          0,           0,         468,      -6.941243866,      -4.032187751,      -3.978843604,      -3.973522514,      -1.464677451
          0,           0,         469,       -6.95441933,      -4.051122343,      -3.991889096,      -3.985854105,      -1.478324503
          0,           0,         470,      -6.966194529,      -4.071001501,      -4.004933868,      -3.998393988,      -1.490466856
          0,           0,         471,      -6.976319233,      -4.091364937,      -4.017718917,      -4.010927722,      -1.500817788
          0,           0,         472,      -6.984632835,      -4.111640077,      -4.029971306,      -4.023216402,      -1.509191736
          0,           0,         473,      -6.991070962,      -4.131155336,      -4.041423927,      -4.035007419,      -1.515514359
          0,           0,         474,      -6.995682659,      -4.149178443,        -4.0518374,      -4.046051757,      -1.519841099
          0,           0,         475,      -6.998638767,      -4.164986034,      -4.061021247,      -4.056125631,      -1.522364106
          0,           0,         476,      -7.000213612,      -4.177957712,      -4.068851837,      -4.065052574,      -1.523390143
          0,           0,         477,      -7.000743401,      -4.187672587,      -4.075284597,      -4.072721911,      -1.523293767
          0,           0,         478,      -7.000583725,      -4.193979349,      -4.080360394,      -4.079101747,      -1.522469354
          0,           0,         479,      -7.000086462,      -4.197020013,      -4.084206509,      -4.084245495,      -1.521303378
          0,           0,         480,      -6.999594317,       -4.19720432,      -4.087028874,       -4.08828862,      -1.520165812
          0,           0,         481,      -6.999435376,      -4.195143044,      -4.089092189,       -4.09143321,      -1.519403628
          0,           0,         482,      -6.999908843,      -4.191555908,      -4.090691448,      -4.093923882,      -1.519327675
          0,           0,         483,      -7.001268151,      -4.187176582,      -4.092123257,      -4.096022309,      -1.520198147
          0,           0,         484,      -7.003710381,       -4.18267699,      -4.093663521,       -4.09798613,      -1.522216291
          0,           0,         485,      -7.007375732,      -4.178623509,      -4.095553983,      -4.100054373,      -1.525525374
          0,           0,         486,      -7.012355179,      -4.175464818,      -4.097996789,      -4.102438843,      -1.530219044
          0,           0,         487,      -7.018700827,      -4.173541571,      -4.101154364,      -4.105319865,      -1.536351962
          0,           0,         488,      -7.026433718,       -4.17310557,      -4.105151698,      -4.108844844,      -1.543947831
          0,           0,         489,      -7.035547378,      -4.174339922,      -4.110079295,      -4.113128639,      -1.553003129
          0,           0,         490,      -7.046007645,      -4.177376452,      -4.115996055,      -4.118255079,      -1.563487034
          0,           0,         491,      -7.057749591,      -4.182309223,      -4.122931739,      -4.124279067,      -1.575338312
          0,           0,         492,      -7.070672104,      -4.189203841,      -4.130888775,      -4.131228775,      -1.588459669
          0,           0,         493,      -7.084630922,      -4.198102617,      -4.139843343,      -4.139107619,      -1.602710254
          0,           0,         494,      -7.099431267,      -4.209025627,      -4.149745806,      -4.147895811,      -1.617897346
          0,           0,         495,      -7.114821734,      -4.221967406,      -4.160520608,      -4.157551422,      -1.633768716
          0,           0,         496,      -7.130491484,      -4.236888751,      -4.172065717,      -4.168010816,      -1.650007723
          0,           0,         497,       -7.14607321,      -4.253702588,      -4.184251859,      -4.179188242,      -1.666233757
          0,           0,         498,      -7.161155091,      -4.272253478,      -4.196921385,       -4.19097423,      -1.682011846
          0,           0,         499,      -7.175306885,      -4.292291879,      -4.209886821,      -4.203232525,      -1.696877722
          0,           0,         500,       -7.18812557,      -4.313447764,      -4.222929801,      -4.215796208,      -1.710385271
          0,           0,         501,      -7.199289322,      -4.335209895,      -4.235803312,       -4.22846559,      -1.722165719
          0,           0,         502,      -7.208589047,      -4.356915852,      -4.248240975,      -4.241010763,      -1.731966427
          0,           0,         503,       -7.21593495,      -4.377762373,      -4.259973554,      -4.253180113,      -1.739664665
          0,           0,         504,      -7.221358849,      -4.396851864,      -4.270749793,      -4.264715275,      -1.745275027
          0,           0,         505,      -7.225011197,      -4.413285213,      -4.280358307,      -4.275371424,      -1.748948354
          0,           0,         506,      -7.227141261,      -4.426292435,      -4.288647158,      -4.284940037,      -1.750950343
          0,           0,         507,      -7.228062618,      -4.435368354,      -4.295539685,      -4.293271269,        -1.7516226
          0,           0,         508,      -7.228120971,      -4.440368271,      -4.301046831,      -4.300293905,      -1.751344716
          0,           0,         509,      -7.227676824,      -4.441531665,      -4.305273461,      -4.306028744,      -1.750511496
          0,           0,         510,      -7.227096206,      -4.439429528,      -4.308412158,       -4.31058879,      -1.749519435
          0,           0,         511,      -7.226736191,       -4.43485526,      -4.310722007,      -4.314163853,      -1.748749927
          0,           0,         512,      -7.226924302,      -4.428693653,      -4.312498505,      -4.316994945,       -1.74854852
          0,           0,         513,       -7.22794057,      -4.421804039,      -4.314043787,      -4.319346988,      -1.749208139
          0,           0,         514,      -7.230008745,      -4.414941147,      -4.315643429,      -4.321485961,      -1.750961791
          0,           0,         515,      -7.233296933,      -4.408718724,      -4.317551822,      -4.323662663,       -1.75398443
          0,           0,         516,      -7.237923808,      -4.403606875,      -4.319985134,      -4.326102598,      -1.758400085
          0,           0,         517,      -7.243965869,      -4.399948692,      -4.323119462,       -4.32900044,      -1.764289833
          0,           0,         518,       -7.25146285,       -4.39798386,      -4.327091822,      -4.332517592,      -1.771697758
          0,           0,         519,      -7.260420868,      -4.397872355,      -4.332002457,      -4.336781703,      -1.780634399
          0,           0,         520,      -7.270813971,      -4.399715877,      -4.337917834,      -4.341887551,      -1.791078254
          0,           0,         521,      -7.282583737,      -4.403575679,      -4.344873689,      -4.347898819,       -1.80297506
          0,           0,         522,      -7.295635974,      -4.409485067,      -4.352877235,       -4.35485008,      -1.816233951
          0,           0,         523,      -7.309835192,      -4.417456604,      -4.361908321,      -4.362748594,      -1.830721088
          0,           0,         524,      -7.324998178,      -4.427485032,      -4.371920254,      -4.371576217,      -1.846252097
          0,           0,         525,      -7.340887661,      -4.439545595,      -4.382840458,      -4.381291459,      -1.862584278
          0,           0,         526,      -7.357207437,      -4.453586753,      -4.394570403,      -4.391830931,      -1.879409894
          0,           0,         527,      -7.373601698,      -4.469517177,       -4.40698462,      -4.403109426,      -1.896353515
          0,           0,         528,      -7.389663072,       -4.48718745,      -4.419929212,      -4.415018571,      -1.912978606
          0,           0,         529,      -7.404954745,      -4.506367528,      -4.433220265,      -4.427424322,      -1.928809734
          0,           0,         530,      -7.419049577,      -4.526722832,      -4.446642873,       -4.44016401,      -1.943374496
          0,           0,         531,      -7.431576511,       -4.54779391,      -4.459952694,      -4.453044444,      -1.956255748
          0,           0,         532,      -7.442255653,      -4.568985231,       -4.47288358,      -4.465843234,      -1.967133887
          0,           0,         533,      -7.450918922,      -4.589570479,      -4.485162784,      -4.478315336,       -1.97581437
          0,           0,         534,      -7.457527161,      -4.608726042,      -4.496530933,      -4.490206134,      -1.982250034
          0,           0,         535,       -7.46218049,      -4.625603327,      -4.506763837,      -4.501270455,      -1.986552934
          0,           0,         536,      -7.465107244,      -4.639437903,      -4.515692955,      -4.511294581,      -1.988980479
          0,           0,         537,      -7.466627073,      -4.649673136,      -4.523221507,      -4.520117648,      -1.989892579
          0,           0,         538,      -7.467104382,      -4.656060295,      -4.529336186,      -4.527650353,      -1.989697969
          0,           0,         539,      -7.466915585,      -4.658701902,      -4.534114824,      -4.533889214,      -1.988815155
          0,           0,         540,      -7.466435404,       -4.65802762,      -4.537725303,      -4.538921264,      -1.987654146
          0,           0,         541,      -7.466027468,      -4.654713389,      -4.540409879,      -4.542914221,      -1.986604713
          0,           0,         542,      -7.466028459,      -4.649568336,      -4.542457252,      -4.546094201,      -1.986020685
          0,           0,         543,       -7.46673004,      -4.643420648,       -4.54417154,      -4.548718779,      -1.986203836
          0,           0,         544,      -7.468366964,      -4.637029023,      -4.545846238,      -4.551052666,       -1.98739439
          0,           0,         545,      -7.471114664,      -4.631032034,      -4.547746666,      -4.553349531,      -1.989770597
          0,           0,         546,      -7.475094114,      -4.625932646,      -4.550100665,      -4.555840196,       -1.99345492
          0,           0,         547,      -7.480379784,       -4.62210665,      -4.553095496,      -4.558725912,      -1.998522844
          0,           0,         548,      -7.487006976,      -4.619822761,      -4.556878443,      -4.562175199,      -2.005010753
          0,           0,         549,      -7.494976867,      -4.619265656,      -4.561559224,      -4.566323012,      -2.012921261
          0,           0,         550,      -7.504258899,      -4.620557488,      -4.567213078,      -4.571271415,       -2.02222565
          0,           0,         551,       -7.51479059,      -4.623775776,      -4.573883904,      -4.577091261,      -2.032863524
          0,           0,         552,       -7.52647457,      -4.628966357,        -4.5815869,      -4.583824417,      -2.044739492
          0,           0,         553,      -7.539173195,      -4.636150757,       -4.59031021,      -4.591485953,      -2.057717189
          0,           0,         554,      -7.552701827,       -4.64532839,      -4.600015362,      -4.600065715,      -2.071611603
          0,           0,         555,      -7.566822759,      -4.656474468,      -4.610636634,      -4.609528958,      -2.086181643
          0,           0,         556,      -7.581242167,       -4.66953423,      -4.622079691,      -4.619816024,      -2.101125323
          0,           0,         557,      -7.595613383,      -4.684413503,      -4.634220004,      -4.630841435,      -2.116081058
          0,           0,         558,      -7.609550249,       -4.70096529,      -4.646901678,      -4.642492878,       -2.13063935
          0,           0,         559,        -7.6226542,      -4.718972542,      -4.659937186,      -4.654630298,      -2.144369343
          0,           0,         560,      -7.634555754,      -4.738129455,      -4.673108114,      -4.667084975,      -2.156862122
          0,           0,         561,      -7.644960357,      -4.758025563,      -4.686167908,      -4.679659187,      -2.167781405
          0,           0,         562,      -7.653674162,      -4.778136048,      -4.698849406,      -4.692128711,      -2.176896064
          0,           0,         563,      -7.660605337,      -4.797822896,      -4.710879392,      -4.704250299,      -2.184087329
          0,           0,         564,      -7.665765728,      -4.816358914,      -4.721998316,      -4.715774459,      -2.189354093
          0,           0,         565,      -7.669275859,      -4.832985132,      -4.731982226,      -4.726463271,      -2.192818988
          0,           0,         566,      -7.671357125,       -4.84700002,      -4.740663975,       -4.73611148,      -2.194719197
          0,           0,         567,      -7.672303869,      -4.857863921,      -4.747949651,      -4.744566979,      -2.195375076
          0,           0,         568,      -7.672445122,      -4.865289155,      -4.753828333,       -4.75174736,      -2.195147167
          0,           0,         569,      -7.672116098,      -4.869287441,      -4.758376664,      -4.757651677,      -2.194402955
          0,           0,         570,      -7.671649488,      -4.870163874,      -4.761757555,      -4.762365098,      -2.193504289
          0,           0,         571,      -7.671373526,      -4.868463578,      -4.764207686,      -4.766051568,       -2.19280291
          0,           0,         572,      -7.671600792,      -4.864885181,      -4.766012407,      -4.768933891,      -2.192628605
          0,           0,         573,      -7.672609276,      -4.860181866,      -4.767475255,      -4.771267608,      -2.193271353
          0,           0,         574,      -7.674626878,      -4.855073931,      -4.768891029,      -4.773316453,       -2.19496752
          0,           0,         575,       -7.67782585,      -4.850190032,      -4.770527129,       -4.77533374,      -2.197895738
          0,           0,         576,      -7.682325855,      -4.846041047,      -4.772613483,      -4.777550258,      -2.202180879
          0,           0,         577,      -7.688201374,      -4.843019653,      -4.775339074,      -4.780167364,      -2.207901999
          0,           0,         578,      -7.695489139,      -4.841414828,      -4.778852513,        -4.7833537,      -2.215100099
          0,           0,         579,      -7.704193526,      -4.841432148,      -4.783264592,      -4.787244313,      -2.223783682
          0,           0,         580,      -7.714289178,      -4.843214153,      -4.788651553,      -4.791941384,      -2.233931389
          0,           0,         581,      -7.725720854,      -4.846857758,      -4.795058242,      -4.797515963,      -2.245491683
          0,           0,         582,       -7.73840044,      -4.852427229,      -4.802500666,      -4.804010193,      -2.258379513
          0,           0,         583,      -7.752201766,      -4.859962257,      -4.810967663,      -4.811439542,      -2.272470512
          0,           0,         584,       -7.76695405,      -4.869481418,      -4.820421698,      -4.819794666,       -2.28759347
          0,           0,         585,      -7.782435077,      -4.880981355,      -4.830798942,      -4.829042696,      -2.303522143
          0,           0,         586,      -7.798365556,      -4.894431614,      -4.842008826,      -4.839127863,      -2.319967834
          0,           0,         587,      -7.814407292,      -4.909764587,      -4.853933235,      -4.849971408,      -2.336575546
          0,           0,         588,       -7.83016941,       -4.92686006,      -4.866425478,      -4.861470624,      -2.352928403
          0,           0,         589,      -7.845228252,      -4.945524705,      -4.879309121,      -4.873496969,      -2.368566921
          0,           0,         590,      -7.859164145,      -4.965468811,       -4.89237699,      -4.885893407,      -2.383027721
          0,           0,         591,      -7.871607916,      -4.986285077,       -4.90539142,      -4.898472077,      -2.395895406
          0,           0,         592,      -7.882277021,      -5.007435374,       -4.91808927,      -4.911014394,      -2.406845975
          0,           0,         593,      -7.890991884,      -5.028251074,       -4.93019563,       -4.92327614,      -2.415669741
          0,           0,         594,      -7.897688544,      -5.047955371,      -4.941444335,      -4.934999593,      -2.422289181
          0,           0,         595,      -7.902432996,      -5.065719097,      -4.951600674,      -4.945932717,      -2.426775728
          0,           0,         596,      -7.905421108,      -5.080754319,      -4.960483146,      -4.955852405,      -2.429348163
          0,           0,         597,      -7.906951249,      -5.092431978,      -4.967980947,       -4.96458715,       -2.43034048
          0,           0,         598,      -7.907378979,      -5.100391014,       -4.97406566,      -4.972035696,      -2.430150032
          0,           0,         599,      -7.907077776,       -5.10460285,      -4.978797912,      -4.978180461,      -2.429191859
          0,           0,         600,      -7.906420418,      -5.105372596,      -4.982327537,      -4.983093309,      -2.427875012
          0,           0,         601,      -7.905771567,      -5.103280813,      -4.984881997,      -4.986929021,      -2.426592072
          0,           0,         602,      -7.905475638,      -5.099084034,      -4.986741836,      -4.989905783,      -2.425706495
          0,           0,         603,      -7.905838374,      -5.093600792,       -4.98820992,      -4.992278712,      -2.425535802
          0,           0,         604,      -7.907110846,      -5.087611569,      -4.989583349,      -4.994314269,      -2.426338059
          0,           0,         605,      -7.909482743,      -5.081792183,      -4.991133365,      -4.996270404,      -2.428307323
          0,           0,         606,      -7.913085868,      -5.076685531,      -4.993094385,      -4.998383496,      -2.431578461
          0,           0,         607,      -7.918004037,      -5.072704114,      -4.995660488,      -5.000860982,      -2.436237695
          0,           0,         608,      -7.924283495,       -5.07014956,      -4.998986301,      -5.003877916,      -2.442333378
          0,           0,         609,      -7.931939576,      -5.069236772,      -5.003189623,      -5.007576052,       -2.44988296
          0,           0,         610,       -7.94095933,      -5.070115892,      -5.008354454,      -5.012064579,      -2.458875826
          0,           0,         611,      -7.951300664,      -5.072889909,      -5.014533835,      -5.017421865,      -2.469272476
          0,           0,         612,      -7.962888826,      -5.077627477,      -5.021752178,      -5.023697604,      -2.481000889
          0,           0,         613,      -7.975610834,      -5.084371186,      -5.030006894,      -5.030914947,        -2.4939506
          0,           0,         614,       -7.98930858,      -5.093141586,      -5.039269241,      -5.039072271,      -2.507965134
          0,           0,         615,      -8.003771989,       -5.10393719,       -5.04948449,      -5.048144473,      -2.522834058
          0,           0,         616,      -8.018733968,      -5.116730364,      -5.060571501,      -5.058083691,      -2.538286328
          0,           0,         617,      -8.033869911,      -5.131458688,       -5.07242191,      -5.068819421,      -2.553987738
          0,           0,         618,       -8.04880467,      -5.148011221,       -5.08489906,      -5.080257869,      -2.569545657
          0,           0,         619,      -8.063130406,      -5.166209605,      -5.097836831,      -5.092280342,      -2.584525245
          0,           0,         620,      -8.076439387,      -5.185785671,       -5.11103855,        -5.1047406,      -2.598482346
          0,           0,         621,      -8.088371138,      -5.206359937,      -5.124276941,      -5.117461985,      -2.611013791
          0,           0,         622,       -8.09865526,       -5.22742573,       -5.13729798,        -5.1302368,      -2.621806216
          0,           0,         623,      -8.107128177,      -5.248343104,      -5.149831734,      -5.142830397,       -2.63065969
          0,           0,         624,      -8.113736168,      -5.268352839,      -5.161609595,      -5.154990943,      -2.637496451
          0,           0,         625,      -8.118539947,      -5.286624459,      -5.172385209,       -5.16646505,      -2.642368764
          0,           0,         626,      -8.121711755,      -5.302343947,      -5.181956275,      -5.177018081,      -2.645456352
          0,           0,         627,      -8.123513446,      -5.314830166,      -5.190183573,      -5.186456097,      -2.647042016
          0,           0,         628,      -8.124260705,      -5.323650201,      -5.197005405,      -5.194646516,      -2.647471298
          0,           0,         629,      -8.124291749,      -5.328696741,      -5.202447939,       -5.20153577,      -2.647115916
          0,           0,         630,      -8.123952738,        -5.3302041,      -5.206629595,      -5.207160392,      -2.646354448
          0,           0,         631,      -8.123591763,      -5.328701463,      -5.209753401,      -5.211645423,      -2.645562774
          0,           0,         632,      -8.123546685,      -5.324918935,      -5.212084931,       -5.21518808,       -2.64510022
          0,           0,         633,       -8.12412566,      -5.319673226,      -5.213922057,      -5.218032176,      -2.645290367
          0,           0,         634,      -8.125590091,      -5.313763092,      -5.215565737,      -5.220441595,      -2.646405429
          0,           0,         635,      -8.128146148,      -5.307896126,       -5.21729772,      -5.222678497,      -2.648659303
          0,           0,         636,      -8.131945662,       -5.30265309,      -5.219366857,       -5.22498809,      -2.652209651
          0,           0,         637,      -8.137092246,      -5.298483048,      -5.221982765,      -5.227589206,       -2.65716482
          0,           0,         638,       -8.14364862,      -5.295717092,      -5.225314508,      -5.230669256,      -2.663591716
          0,           0,         639,      -8.151642075,       -5.29458968,      -5.229491994,      -5.234382063,      -2.671521678
          0,           0,         640,      -8.161067837,      -5.295260963,      -5.234608661,      -5.238847705,       -2.68095399
          0,           0,         641,      -8.171890162,      -5.297836937,      -5.240724666,      -5.244153714,      -2.691856906
          0,           0,         642,      -8.184040834,      -5.302385557,      -5.247869973,      -5.250357224,      -2.704165883
          0,           0,         643,      -8.197414984,       -5.30894748,      -5.256046654,      -5.257487449,      -2.717778901
          0,           0,         644,       -8.21186477,      -5.317541212,      -5.265229949,      -5.265547725,      -2.732549315
          0,           0,         645,       -8.22719236,      -5.328163601,      -5.275368125,      -5.274516653,      -2.748277551
          0,           0,         646,      -8.243143278,      -5.340786582,       -5.28638166,      -5.284348374,      -2.764702754
          0,           0,         647,      -8.259402471,      -5.355349974,      -5.298162499,      -5.294972574,      -2.781496835
          0,           0,         648,      -8.275595795,      -5.371749069,      -5.310573629,      -5.306294494,      -2.798263973
          0,           0,         649,      -8.291302072,      -5.389816057,       -5.32344869,      -5.318194465,      -2.814551361
          0,           0,         650,      -8.306081253,      -5.409296537,      -5.336591316,      -5.330526388,      -2.829877894
          0,           0,         651,       -8.31951865,      -5.429825283,      -5.349774903,      -5.343115498,      -2.843782154
          0,           0,         652,      -8.331271204,      -5.450907478,      -5.362745399,      -5.355757323,      -2.855875389
          0,           0,         653,      -8.341096816,      -5.471911431,      -5.375231305,      -5.368220337,      -2.865878269
          0,           0,         654,      -8.348870273,      -5.492080638,      -5.386961468,      -5.380254498,      -2.873643284
          0,           0,         655,      -8.354598348,      -5.510577223,      -5.397686626,      -5.391606684,      -2.879174169
          0,           0,         656,      -8.358426004,      -5.526565541,      -5.407201389,      -5.402041546,      -2.882632368
          0,           0,         657,      -8.360618271,      -5.539328976,      -5.415363443,      -5.411364053,      -2.884315161
          0,           0,         658,      -8.361517829,      -5.548391514,      -5.422107501,      -5.419439865,      -2.884606807
          0,           0,         659,      -8.361499006,      -5.553604233,      -5.427454516,       -5.42621182,      -2.883925473
          0,           0,         660,      -8.360940468,      -5.555168733,      -5.431516198,      -5.431710769,      -2.882690048
          0,           0,         661,      -8.360215222,      -5.553594648,      -5.434489656,      -5.436055655,      -2.881306096
          0,           0,         662,      -8.359680906,       -5.54960719,      -5.436637612,      -5.439439238,      -2.880154562
          0,           0,         663,      -8.359663095,      -5.544031182,      -5.438258642,      -5.442103448,      -2.879575878
          0,           0,         664,      -8.360437779,      -5.537682051,      -5.439656945,      -5.444312499,      -2.879854693
          0,           0,         665,      -8.362222145,      -5.531287175,      -5.441118781,      -5.446330329,       -2.88121299
          0,           0,         666,      -8.365174489,      -5.525445837,      -5.442897769,      -5.448404623,      -2.883811762
          0,           0,         667,      -8.369400812,      -5.520621907,      -5.445208064,      -5.450757037,      -2.887758746
          0,           0,         668,       -8.37496295,      -5.517157031,      -5.448222919,      -5.453577956,      -2.893117239
          0,           0,         669,      -8.381885939,      -5.515292709,      -5.452076354,      -5.457024428,      -2.899913896
          0,           0,         670,      -8.390162271,      -5.515193683,        -5.4568661,      -5.461220084,       -2.90814316
          0,           0,         671,      -8.399753997,      -5.516968824,      -5.462656979,      -5.466256409,      -2.917769373
          0,           0,         672,      -8.410591447,       -5.52068762,      -5.469483918,      -5.472194724,      -2.928725257
          0,           0,         673,      -8.422569144,      -5.526391307,      -5.477354181,      -5.479068434,      -2.940907481
          0,           0,         674,      -8.435539732,      -5.534098742,      -5.486248553,      -5.486884994,      -2.954169938
          0,           0,         675,      -8.449307206,      -5.543807663,      -5.496121578,      -5.495627334,      -2.968315988
          0,           0,         676,      -8.463621084,      -5.555491981,      -5.506901082,      -5.505254604,      -2.983091216
          0,           0,         677,      -8.478174964,      -5.569095094,      -5.518487306,      -5.515702411,       -2.99818018
          0,           0,         678,      -8.492611928,      -5.584518871,      -5.530751883,      -5.526882459,      -3.013209838
          0,           0,         679,      -8.506540555,        -5.6016081,      -5.543536819,      -5.538681566,      -3.027763891
          0,           0,         680,      -8.519565183,      -5.620131361,      -5.556653792,      -5.550959968,      -3.041412865
          0,           0,         681,      -8.531329963,       -5.63976157,      -5.569884264,      -5.563549195,      -3.053760545
          0,           0,         682,      -8.541562764,      -5.660060584,      -5.582982252,       -5.57625112,      -3.064493272
          0,           0,         683,      -8.550094091,      -5.680470845,      -5.595682727,      -5.588840636,      -3.073405482
          0,           0,         684,      -8.556856322,      -5.700320669,      -5.607716477,      -5.601073122,      -3.080404346
          0,           0,         685,      -8.561885291,       -5.71885638,      -5.618828662,      -5.612696818,      -3.085514694
          0,           0,         686,      -8.565320054,      -5.735309127,      -5.628799305,      -5.623470509,      -3.088879734
          0,           0,         687,      -8.567388817,      -5.748990727,      -5.637464165,      -5.633185602,      -3.090745519
          0,           0,         688,      -8.568380681,      -5.759398186,      -5.644732636,       -5.64168891,      -3.091428903
          0,           0,         689,      -8.568614885,      -5.766297242,      -5.650600094,      -5.648901828,      -3.091281544
          0,           0,         690,       -8.56842063,      -5.769760331,      -5.655153496,      -5.654832917,      -3.090664907
          0,           0,         691,       -8.56813082,      -5.770151039,      -5.658567904,      -5.659580172,      -3.089940291
          0,           0,         692,      -8.568075241,      -5.768061679,      -5.661089823,      -5.663319583,      -3.089459968
          0,           0,         693,      -8.568565155,      -5.764220208,       -5.66300956,      -5.666282388,      -3.089551474
          0,           0,         694,      -8.569873991,      -5.759389938,      -5.664630751,      -5.668728307,      -3.090499561
          0,           0,         695,      -8.572223719,      -5.754286054,      -5.666244821,      -5.670921737,      -3.092534212
          0,           0,         696,      -8.575781683,      -5.749523416,      -5.668113994,      -5.673114327,       -3.09582876
          0,           0,         697,      -8.580664572,      -5.745596411,      -5.670462524,      -5.675533881,      -3.100504796
          0,           0,         698,      -8.586945141,      -5.742882149,      -5.673473886,      -5.678378164,      -3.106639467
          0,           0,         699,      -8.594658265,      -5.741655755,      -5.677291431,      -5.681812004,      -3.114271984
          0,           0,         700,      -8.603804619,      -5.742109702,      -5.682020496,        -5.6859664,      -3.123407518
          0,           0,         701,      -8.614352702,      -5.744373532,       -5.68773131,      -5.690938972,      -3.134019122
          0,           0,         702,      -8.626239601,      -5.748531969,      -5.694462208,      -5.696795509,      -3.146048139
          0,           0,         703,      -8.639368955,      -5.754638977,      -5.702222324,      -5.703572071,      -3.159401586
          0,           0,         704,      -8.653605604,      -5.762726309,      -5.710993243,      -5.711277187,      -3.173946048
          0,           0,         705,      -8.668769173,      -5.772806877,      -5.720729956,      -5.719894056,      -3.189500215
          0,           0,         706,      -8.684626559,      -5.784872919,      -5.731361241,      -5.729382424,      -3.205826008
          0,           0,         707,      -8.700886246,      -5.798888866,        -5.7427893,       -5.73967976,      -3.222621039
          0,           0,         708,      -8.717196485,      -5.814778751,       -5.75488884,      -5.750701194,      -3.239514853
          0,           0,         709,      -8.733152616,       -5.83240827,      -5.767505877,      -5.762338267,      -3.256074497
          0,           0,         710,      -8.748318889,      -5.851562098,      -5.780456517,      -5.774456719,      -3.271826128
          0,           0,         711,      -8.762267585,      -5.871919222,      -5.793526226,      -5.786893676,       -3.28629662
          0,           0,         712,      -8.774627482,      -5.893031497,      -5.806471131,      -5.799455794,      -3.299067857
          0,           0,         713,      -8.785120168,      -5.914311633,      -5.819025176,      -5.811920482,      -3.309820486
          0,           0,         714,      -8.793579631,      -5.935037473,      -5.830915861,      -5.824042471,      -3.318360155
          0,           0,         715,      -8.799967165,      -5.954383125,      -5.841885253,      -5.835567155,      -3.324637676
          0,           0,         716,      -8.804382079,      -5.971488887,      -5.851712008,      -5.846250079,      -3.328761631
          0,           0,         717,      -8.807052559,      -5.985570306,      -5.860231493,      -5.855879456,      -3.330986951
          0,           0,         718,      -8.808299924,       -5.99604506,      -5.867351436,      -5.864297778,      -3.331673589
          0,           0,         719,      -8.808491358,      -6.002638484,      -5.873062788,      -5.871419976,      -3.331232157
          0,           0,         720,      -8.808005563,      -6.005432008,      -5.877446391,       -5.87724673,      -3.330083196
          0,           0,         721,      -8.807219133,      -6.004842261,      -5.880671765,      -5.881868772,      -3.328638681
          0,           0,         722,      -8.806498293,      -6.001541576,       -5.88298204,       -5.88545719,        -3.3272913
          0,           0,         723,      -8.806183756,      -5.996344149,      -5.884666639,      -5.888241223,      -3.326399355
          0,           0,         724,      -8.806572201,      -5.990089185,      -5.886030239,      -5.890481097,      -3.326270121
          0,           0,         725,      -8.807903802,      -5.983548692,      -5.887366641,      -5.892443531,      -3.327149827
          0,           0,         726,      -8.810359521,      -5.977373952,      -5.888941114,      -5.894383538,       -3.32922285
          0,           0,         727,      -8.814065447,      -5.972078486,      -5.890981158,      -5.896532664,      -3.332617414
          0,           0,         728,      -8.819101333,      -5.968046158,      -5.893673591,      -5.899092514,      -3.337414991
          0,           0,         729,      -8.825507455,      -5.965551832,      -5.897165302,      -5.902231665,      -3.343657651
          0,           0,         730,      -8.833291302,      -5.964785329,      -5.901566057,      -5.906085242,      -3.351354985
          0,           0,         731,      -8.842429392,      -5.965873847,      -5.906951778,      -5.910755723,      -3.360486039
          0,           0,         732,      -8.852867892,      -5.968900363,       -5.91336787,      -5.916314972,       -3.37099978
          0,           0,         733,      -8.864519188,       -5.97391676,      -5.920831771,      -5.922806484,      -3.382811377
          0,           0,         734,       -8.87725623,      -5.980951524,       -5.92933454,      -5.930247576,      -3.395796047
          0,           0,         735,      -8.890905557,      -5.990012598,      -5.938841408,      -5.938631053,      -3.409781253
          0,           0,         736,      -8.905240687,      -6.001086079,      -5.949291586,      -5.947926275,      -3.424538881
          0,           0,         737,      -8.919978014,      -6.014130977,      -5.960597524,      -5.958079593,      -3.439779457
          0,           0,         738,      -8.934778605,      -6.029069625,      -5.972643927,      -5.969014232,       -3.45515186
          0,           0,         739,      -8.949258335,      -6.045773321,      -5.985286655,      -5.980629471,      -3.470251467
          0,           0,         740,      -8.963011783,      -6.064043411,      -5.998351729,      -5.992799047,      -3.484642878
          0,           0,         741,      -8.975650612,      -6.083590203,       -6.01163468,      -6.005368761,      -3.497899388
          0,           0,         742,       -8.98685163,      -6.104014064,      -6.024901639,       -6.01815436,      -3.509655114
          0,           0,         743,      -8.996390117,      -6.124792526,      -6.037894902,      -6.030942228,      -3.519644847
          0,           0,         744,      -9.004146974,      -6.145278153,      -6.050345218,      -6.043494573,      -3.527717556
          0,           0,         745,      -9.010109827,      -6.164719251,       -6.06198908,      -6.055559627,      -3.533842145
          0,           0,         746,      -9.014375937,      -6.182315247,      -6.072588548,      -6.066887189,      -3.538112549
          0,           0,         747,       -9.01714244,      -6.197307464,      -6.081951979,      -6.077248925,      -3.540737669
          0,           0,         748,      -9.018680471,        -6.2090896,      -6.089953129,       -6.08646106,      -3.542012726
          0,           0,         749,       -9.01930223,      -6.217308346,      -6.096546295,      -6.094406059,      -3.542281563
          0,           0,         750,      -9.019336217,      -6.221923228,      -6.101776464,      -6.101049772,       -3.54190639
          0,           0,         751,      -9.019117421,      -6.223209846,      -6.105781013,      -6.106449727,      -3.541253504
          0,           0,         752,       -9.01898215,      -6.221708979,      -6.108778521,      -6.110749567,      -3.540685086
          0,           0,         753,      -9.019255761,      -6.218136476,      -6.111044341,      -6.114159922,       -3.54054581
          0,           0,         754,      -9.020232246,      -6.213277783,      -6.112879982,      -6.116931926,      -3.541143229
          0,           0,         755,      -9.022159798,      -6.207893787,      -6.114585252,      -6.119331519,      -3.542734833
          0,           0,         756,       -9.02523389,      -6.202656212,      -6.116437785,      -6.121619256,      -3.545522678
          0,           0,         757,      -9.029597399,      -6.198116528,      -6.118680757,      -6.124036499,      -3.549654728
          0,           0,         758,      -9.035343393,      -6.194699294,      -6.121516521,       -6.12679664,      -3.555228714
          0,           0,         759,      -9.042514699,      -6.192708932,      -6.125103115,      -6.130079013,      -3.562292638
          0,           0,         760,      -9.051113405,      -6.192350169,      -6.129555848,      -6.134026423,      -3.570853865
          0,           0,         761,      -9.061113967,      -6.193760851,      -6.134954623,      -6.138746782,       -3.58089147
          0,           0,         762,      -9.072469124,      -6.197038765,      -6.141350273,      -6.144316798,      -3.592361846
          0,           0,         763,      -9.085102769,      -6.202253111,      -6.148765772,      -6.150784243,      -3.605191614
          0,           0,         764,      -9.098901037,       -6.20944863,      -6.157196091,      -6.158169465,      -3.619268364
          0,           0,         765,      -9.113706183,      -6.218647953,      -6.166608651,      -6.166467118,      -3.634433749
          0,           0,         766,      -9.129308214,      -6.229851264,      -6.176943689,      -6.175647642,      -3.650474053
          0,           0,         767,      -9.145439684,      -6.243031848,      -6.188114224,      -6.185658333,       -3.66711323
          0,           0,         768,       -9.16177239,      -6.258126784,      -6.200005548,       -6.19642359,      -3.684007646
          0,           0,         769,      -9.177921197,      -6.275022158,      -6.212474495,      -6.207844306,      -3.700747812
          0,           0,         770,      -9.193458382,      -6.293532623,      -6.225348429,      -6.219796333,      -3.716871909
          0,           0,         771,      -9.207946554,      -6.313377401,      -6.238424361,      -6.232128132,       -3.73189984
          0,           0,         772,      -9.220984823,      -6.334156857,       -6.25146909,      -6.244658443,      -3.745383852
          0,           0,         773,      -9.232252201,       -6.35533624,      -6.264223518,      -6.257176034,      -3.756959252
          0,           0,         774,      -9.241534558,      -6.376242748,      -6.276415102,      -6.269443977,      -3.766378241
          0,           0,         775,       -9.24873936,      -6.396084942,      -6.287777305,      -6.281210236,      -3.773530872
          0,           0,         776,      -9.253910208,      -6.414007069,      -6.298071745,      -6.292224841,      -3.778462934
          0,           0,         777,      -9.257226573,      -6.429184521,      -6.307109552,      -6.302261708,      -3.781375004
          0,           0,         778,      -9.258978772,      -6.440947696,       -6.31476916,      -6.311140959,      -3.782592689
          0,           0,         779,      -9.259521939,      -6.448900038,      -6.321008773,      -6.318748413,      -3.782513954
          0,           0,         780,      -9.259234258,      -6.452990208,      -6.325874583,      -6.325050942,      -3.781560296
          0,           0,         781,      -9.258494563,      -6.453516278,      -6.329503268,      -6.330104869,      -3.780148978
          0,           0,         782,      -9.257674938,      -6.451065766,      -6.332112981,      -6.334052258,      -3.778682039
          0,           0,         783,      -9.257128152,      -6.446411751,      -6.333979925,      -6.337102992,      -3.777533052
          0,           0,         784,      -9.257170877,      -6.440394226,      -6.335407556,      -6.339508614,       -3.77703151
          0,           0,         785,      -9.258065297,      -6.433816515,       -6.33669734,      -6.341535858,      -3.777446939
          0,           0,         786,      -9.260014286,      -6.427376825,      -6.338127823,      -6.343445961,      -3.778986302
          0,           0,         787,      -9.263163434,      -6.421638612,      -6.339942172,      -6.345480532,      -3.781797541
          0,           0,         788,      -9.267607759,      -6.417030684,      -6.342343202,      -6.347853137,        -3.7859773
          0,           0,         789,      -9.273399794,      -6.413864537,      -6.345493009,      -6.350745123,       -3.79157969
          0,           0,         790,      -9.280557676,      -6.412357788,      -6.349515394,      -6.354304415,      -3.798624554
          0,           0,         791,      -9.289068024,      -6.412657547,      -6.354498935,      -6.358645815,      -3.807100661
          0,           0,         792,      -9.298886123,      -6.414860328,      -6.360500358,      -6.363852537,      -3.816965842
          0,           0,         793,      -9.309935238,      -6.419027146,      -6.367547453,      -6.369978502,      -3.828145888
          0,           0,         794,      -9.322101694,      -6.425193166,      -6.375641005,       -6.37705055,      -3.840529309
          0,           0,         795,      -9.335227598,      -6.433372347,      -6.384755696,       -6.38507016,      -3.853959378
          0,           0,         796,      -9.349105172,      -6.443557676,      -6.394840167,       -6.39401487,      -3.868227337
          0,           0,         797,      -9.363471359,      -6.455717538,      -6.405816444,      -6.403838781,      -3.883065427
          0,           0,         798,      -9.378007394,      -6.469788055,       -6.41757896,      -6.414472743,      -3.898144782
          0,           0,         799,      -9.392346771,      -6.485660947,      -6.429993584,      -6.425823738,      -3.913081138
          0,           0,         800,      -9.406094306,      -6.503166869,      -6.442896554,      -6.437773809,      -3.927452711
          0,           0,         801,      -9.418860168,       -6.52205566,      -6.456093945,      -6.450178241,       -3.94083432
          0,           0,         802,      -9.430306567,      -6.541977241,      -6.469362439,      -6.462863587,       -3.95284718
          0,           0,         803,      -9.440187388,      -6.562466967,      -6.482453328,      -6.475627748,      -3.963204535
          0,           0,         804,      -9.448362606,      -6.582939024,      -6.495102936,      -6.488243774,       -3.97173197
          0,           0,         805,      -9.454794171,      -6.602696633,      -6.507047018,      -6.500467151,      -3.978368674
          0,           0,         806,      -9.459545262,      -6.620972938,      -6.518036378,       -6.51204595,      -3.983169518
          0,           0,         807,      -9.462765517,        -6.6370058,      -6.527854288,      -6.522736838,       -3.98629176
          0,           0,         808,      -9.464679449,      -6.650135875,      -6.536341094,      -6.532331386,       -3.98798122
          0,           0,         809,      -9.465573132,      -6.659907494,      -6.543418315,      -6.540684945,      -3.988553286
          0,           0,         810,      -9.465769464,      -6.666145894,      -6.549100185,      -6.547735773,      -3.988362438
          0,           0,         811,      -9.465604153,      -6.668986738,       -6.55349436,      -6.553512668,       -3.98777515
          0,           0,         812,      -9.465415729,      -6.668850608,      -6.556794003,      -6.558132664,      -3.987156754
          0,           0,         813,       -9.46553504,      -6.666371578,      -6.559258256,      -6.561786062,      -3.986859115
          0,           0,         814,      -9.466270786,      -6.662298996,      -6.561183261,      -6.564712822,      -3.987206087
          0,           0,         815,      -9.467885593,      -6.657396802,      -6.562871794,      -6.567175359,      -3.988471093
          0,           0,         816,      -9.470586729,      -6.652363636,      -6.564609198,      -6.569436396,      -3.990869369
          0,           0,         817,      -9.474523573,      -6.647786215,      -6.566648004,      -6.571742486,      -3.994556738
          0,           0,         818,      -9.479793522,      -6.644126053,      -6.569200924,      -6.574314043,      -3.999636073
          0,           0,         819,      -9.486453169,      -6.641729838,      -6.572440046,      -6.577340288,      -4.006168765
          0,           0,         820,      -9.494528899,      -6.640850133,      -6.576498992,      -6.580977208,      -4.014185211
          0,           0,         821,      -9.504017746,      -6.641667096,      -6.581475384,      -6.585347026,      -4.023686407
          0,           0,         822,      -9.514887819,      -6.644306927,      -6.587433553,      -6.590539567,      -4.034643986
          0,           0,         823,      -9.527077039,      -6.648856029,       -6.59440719,      -6.596614105,       -4.04699904
          0,           0,         824,      -9.540488017,      -6.655371273,      -6.602401068,      -6.603601395,      -4.060656696
          0,           0,         825,      -9.554980915,      -6.663885622,      -6.611392387,      -6.611505824,        -4.0754781
          0,           0,         826,      -9.570368376,      -6.674410256,      -6.621331385,      -6.620307261,       -4.09127442
          0,           0,         827,      -9.586407595,      -6.686931906,      -6.632141512,      -6.629962123,      -4.107797274
          0,           0,         828,      -9.602796498,      -6.701405674,      -6.643719101,      -6.640404173,      -4.124732809
          0,           0,         829,      -9.619171289,      -6.717741905,      -6.655932474,      -6.651544102,      -4.141697475
          0,           0,         830,      -9.635117798,      -6.735787507,      -6.668621034,      -6.663268555,       -4.15824729
          0,           0,         831,      -9.650192863,      -6.755301954,      -6.681594017,      -6.675437544,      -4.173899782
          0,           0,         832,      -9.663969799,      -6.775932267,      -6.694630034,       -6.68788197,      -4.188181937
          0,           0,         833,      -9.676084185,      -6.797192211,      -6.707479146,      -6.700402126,      -4.200682491
          0,           0,         834,      -9.686270622,      -6.818453049,      -6.719871829,      -6.712769804,      -4.211096329
          0,           0,         835,      -9.694382117,      -6.838953049,      -6.731536544,      -6.724736393,      -4.219250598
          0,           0,         836,      -9.700404912,      -6.857837911,      -6.742221423,      -6.736047679,      -4.225124417
          0,           0,         837,      -9.704465317,      -6.874242598,      -6.751716217,      -6.746464501,      -4.228857043
          0,           0,         838,      -9.706815221,      -6.887410264,      -6.759871914,      -6.755785516,      -4.230730369
          0,           0,         839,        -9.7077907,      -6.896821086,      -6.766614847,      -6.763868234,      -4.231121176
          0,           0,         840,      -9.707766874,      -6.902288332,      -6.771957078,      -6.770646284,      -4.230448812
          0,           0,         841,      -9.707126187,      -6.903989321,      -6.776001337,      -6.776141341,      -4.229136837
          0,           0,         842,      -9.706248838,      -6.902426112,      -6.778937369,        -6.7804646,      -4.227599651
          0,           0,         843,       -9.70550167,      -6.898331431,      -6.781023121,      -6.783803477,      -4.226228778
          0,           0,         844,      -9.705221224,      -6.892548178,      -6.782555359,      -6.786397507,      -4.225376656
          0,           0,         845,      -9.705695694,      -6.885915055,      -6.783839303,      -6.788510988,      -4.225341223
          0,           0,         846,      -9.707151662,      -6.879182684,      -6.785163712,      -6.790409601,      -4.226354658
          0,           0,         847,      -9.709757485,       -6.87297065,      -6.786785804,      -6.792343946,      -4.228588206
          0,           0,         848,      -9.713630094,      -6.867758766,      -6.788923941,      -6.794539356,      -4.232160884
          0,           0,         849,      -9.718839757,      -6.863900362,      -6.791755428,      -6.797189978,      -4.237144462
          0,           0,         850,      -9.725418001,      -6.861644912,      -6.795418033,      -6.800456702,      -4.243572426
          0,           0,         851,      -9.733364335,      -6.861162439,      -6.800013307,      -6.804466837,      -4.251446407
          0,           0,         852,      -9.742647436,      -6.862565331,      -6.805609787,      -6.809315673,      -4.260737574
          0,           0,         853,      -9.753204715,      -6.865925538,      -6.812246003,      -6.815068258,      -4.271386107
          0,           0,         854,      -9.764936774,      -6.871286293,      -6.819933111,      -6.821761685,      -4.283295009
          0,           0,         855,      -9.777706575,      -6.878668821,      -6.828656166,      -6.829407548,      -4.296329124
          0,           0,         856,      -9.791326666,      -6.888074046,       -6.83837433,      -6.837993053,       -4.31030127
          0,           0,         857,      -9.805556585,      -6.899480295,      -6.849020683,      -6.847481957,      -4.324967998
          0,           0,         858,      -9.820098831,      -6.912837427,      -6.860501186,      -6.857814934,      -4.340024377
          0,           0,         859,      -9.834605281,      -6.928056083,      -6.872693858,      -6.868909374,      -4.355107821
          0,           0,         860,      -9.848689101,      -6.944992946,      -6.885447376,      -6.880658213,      -4.369808755
          0,           0,         861,      -9.861950197,      -6.963431474,       -6.89858018,      -6.892927935,      -4.383695161
          0,           0,         862,      -9.874021932,      -6.983061872,      -6.911880164,      -6.905556612,        -4.3963611
          0,           0,         863,      -9.884613154,      -7.003464161,      -6.925106583,      -6.918352139,      -4.407473737
          0,           0,         864,      -9.893532343,      -7.024097068,      -6.937997423,       -6.93109441,      -4.416803804
          0,           0,         865,       -9.90068805,        -7.0442995,      -6.950283224,      -6.943541575,      -4.424232246
          0,           0,         866,      -9.906098869,       -7.06331711,      -6.961705902,      -6.955442576,      -4.429763125
          0,           0,         867,      -9.909890552,      -7.080364141,      -6.972038875,      -6.966553307,      -4.433522611
          0,           0,         868,      -9.912286013,      -7.094718092,      -6.981107361,      -6.976657607,      -4.435747623
          0,           0,         869,      -9.913575654,      -7.105829152,      -6.988805857,      -6.985588708,      -4.436753569
          0,           0,         870,       -9.91407553,      -7.113412345,      -6.995110281,      -6.993248512,      -4.436888025
          0,           0,         871,      -9.914110443,       -7.11749348,      -7.000085636,      -6.999622258,      -4.436509225
          0,           0,         872,      -9.914001548,      -7.118398184,      -7.003885112,      -7.004784573,      -4.435968827
          0,           0,         873,      -9.914072332,       -7.11669347,      -7.006738536,      -7.008893057,      -4.435614561
          0,           0,         874,      -9.914630034,      -7.113098402,      -7.008927045,      -7.012167651,      -4.435771247
          0,           0,         875,      -9.915960838,      -7.108384214,      -7.010753555,      -7.014864761,      -4.436737026
          0,           0,         876,       -9.91829324,       -7.10328426,      -7.012512972,      -7.017249746,      -4.438749062
          0,           0,         877,      -9.921801762,      -7.098433315,      -7.014472902,      -7.019578098,      -4.441988806
          0,           0,         878,      -9.926606145,      -7.094341045,      -7.016862899,      -7.022082515,      -4.446581751
          0,           0,         879,      -9.932776289,      -7.091394995,      -7.019871064,      -7.024965631,      -4.452603154
          0,           0,         880,       -9.94035038,      -7.089880467,      -7.023646495,       -7.02839732,      -4.460095394
          0,           0,         881,      -9.949335611,      -7.090002868,      -7.028301031,      -7.032513533,      -4.469069546
          0,           0,         882,      -9.959716251,      -7.091907269,      -7.033912787,      -7.037417657,       -4.47951324
          0,           0,         883,      -9.971440994,      -7.095693942,      -7.040527395,      -7.043180844,      -4.491378335
          0,           0,         884,      -9.984430475,      -7.101429985,      -7.048161358,      -7.049845056,      -4.504588246
          0,           0,         885,      -9.998558507,      -7.109156409,      -7.056802221,      -7.057424609,      -4.519018463
          0,           0,         886,      -10.01366021,      -7.118891733,      -7.066410843,      -7.065908784,      -4.534503229
          0,           0,         887,      -10.02951181,      -7.130631434,      -7.076920547,      -7.075262426,      -4.550815261
          0,           0,         888,      -10.04583506,      -7.144342206,      -7.088237876,      -7.085427771,      -4.567666397
          0,           0,         889,      -10.06228909,      -7.159951772,       -7.10024156,      -7.096323851,      -4.584699171
          0,           0,         890,      -10.07847576,      -7.177332336,        -7.1127815,      -7.107846117,      -4.601489069
          0,           0,         891,      -10.09396008,      -7.196277961,      -7.125678199,      -7.119864484,      -4.617565311
          0,           0,         892,      -10.10830123,      -7.216480307,       -7.13872146,      -7.132220718,      -4.632441843
          0,           0,         893,      -10.12110493,      -7.237504924,      -7.151670963,      -7.144726543,      -4.645676975
          0,           0,         894,      -10.13206284,      -7.258777436,      -7.164263045,      -7.157163857,      -4.656919258
          0,           0,         895,       -10.1409818,      -7.279585021,      -7.176224411,      -7.169290635,      -4.665943179
          0,           0,         896,      -10.14779369,      -7.299103506,      -7.187293023,      -7.180853237,      -4.672666914
          0,           0,         897,      -10.15257172,       -7.31646267,      -7.197240867,      -7.191605076,      -4.677169666
          0,           0,         898,      -10.15552343,      -7.330853638,      -7.205894405,      -7.201328985,      -4.679684129
          0,           0,         899,      -10.15696289,      -7.341657156,      -7.213151538,      -7.209859418,      -4.680561996
          0,           0,         900,      -10.15725559,       -7.34855655,       -7.21899177,        -7.2171009,      -4.680213251
          0,           0,         901,      -10.15678159,      -7.351594639,      -7.223483823,      -7.223041586,       -4.67906182
          0,           0,         902,      -10.15592567,      -7.351159091,      -7.226786596,      -7.227760504,      -4.677529069
          0,           0,         903,      -10.15506209,      -7.347907118,      -7.229135723,      -7.231418947,      -4.676018216
          0,           0,         904,      -10.15454031,      -7.342651627,      -7.230817395,      -7.234240046,      -4.674897635
          0,           0,         905,       -10.1546694,      -7.336241694,      -7.232137276,      -7.236481917,      -4.674487879
          0,           0,         906,      -10.15569884,      -7.329465713,      -7.233392693,      -7.238411984,       -4.67504519
          0,           0,         907,      -10.15781981,      -7.322993196,      -7.234854478,      -7.240287949,      -4.676764348
          0,           0,         908,      -10.16116599,      -7.317354357,      -7.236755792,      -7.242345403,      -4.679781294
          0,           0,         909,      -10.16582347,      -7.312946303,       -7.23928946,      -7.244790222,      -4.684183697
          0,           0,         910,      -10.17183521,      -7.310054121,      -7.242607448,      -7.247795777,      -4.690015806
          0,           0,         911,      -10.17921244,      -7.308874056,       -7.24682481,      -7.251501749,      -4.697291159
          0,           0,         912,      -10.18793343,       -7.30953735,      -7.252021874,      -7.256015255,       -4.70599015
          0,           0,         913,      -10.19794462,      -7.312129351,      -7.258248201,      -7.261412152,      -4.716061603
          0,           0,         914,      -10.20916472,       -7.31670269,      -7.265525251,      -7.267740064,      -4.727426514
          0,           0,         915,      -10.22146858,      -7.323286038,      -7.273847942,      -7.275019766,       -4.73996231
          0,           0,         916,      -10.23468549,      -7.331887933,      -7.283184886,      -7.283247402,      -4.753498249
          0,           0,         917,      -10.24859785,      -7.342495084,      -7.293479504,      -7.292395592,      -4.767815609
          0,           0,         918,      -10.26292844,      -7.355068878,      -7.304647852,      -7.302413397,      -4.782631248
          0,           0,         919,      -10.27734851,      -7.369535835,      -7.316578779,      -7.313227227,      -4.797604541
          0,           0,         920,      -10.29148226,      -7.385775707,      -7.329132085,      -7.324738743,      -4.812340206
          0,           0,         921,      -10.30493718,      -7.403602417,      -7.342138174,       -7.33682494,      -4.826417263
          0,           0,         922,      -10.31733454,      -7.422745708,      -7.355397031,      -7.349335011,      -4.839420066
          0,           0,         923,      -10.32836155,      -7.442832097,      -7.368679658,      -7.362089719,      -4.850994485
          0,           0,         924,      -10.33780049,      -7.463371935,      -7.381733564,      -7.374881151,      -4.860883516
          0,           0,         925,      -10.34553746,      -7.483755417,      -7.394293942,      -7.387478123,      -4.868941931
          0,           0,         926,      -10.35155625,      -7.503268205,      -7.406098411,      -7.399632889,       -4.87513402
          0,           0,         927,      -10.35594163,      -7.521139984,      -7.416902201,      -7.411092805,      -4.879539613
          0,           0,         928,      -10.35885948,      -7.536625199,      -7.426498095,      -7.421619176,      -4.882334948
          0,           0,         929,      -10.36054481,      -7.549102026,      -7.434741004,      -7.431014011,      -4.883778761
          0,           0,         930,      -10.36129306,      -7.558170971,      -7.441571973,      -7.439149118,       -4.88419583
          0,           0,         931,      -10.36143269,      -7.563722618,      -7.447024873,      -7.445981657,      -4.883946064
          0,           0,         932,      -10.36129244,      -7.565955327,      -7.451225498,      -7.451558445,      -4.883387585
          0,           0,         933,      -10.36121735,      -7.565339982,      -7.454383558,      -7.456014031,      -4.882890994
          0,           0,         934,      -10.36152351,      -7.562540925,      -7.456766673,      -7.459550082,      -4.882791843
          0,           0,         935,      -10.36251247,      -7.558315943,      -7.458674588,      -7.462412735,      -4.883406157
          0,           0,         936,      -10.36443316,      -7.553418463,      -7.460407661,       -7.46486614,      -4.884992733
          0,           0,         937,      -10.36748243,      -7.548524501,      -7.462244939,      -7.467170288,      -4.887756223
          0,           0,         938,      -10.37179761,      -7.544193843,      -7.464430599,      -7.469566888,      -4.891840044
          0,           0,         939,      -10.37745858,      -7.540862075,       -7.46716793,      -7.472268966,      -4.897329816
          0,           0,         940,      -10.38452673,      -7.538853909,      -7.470621512,      -7.475459945,      -4.904290737
          0,           0,         941,      -10.39301527,      -7.538405709,      -7.474916348,       -7.47928776,      -4.912740792
          0,           0,         942,        -10.402914,      -7.539684706,      -7.480142727,      -7.483867531,      -4.922674066
          0,           0,         943,      -10.41418414,      -7.542807863,      -7.486357811,       -7.48928205,      -4.934054764
          0,           0,         944,      -10.42676117,      -7.547855313,      -7.493588725,      -7.495584582,      -4.946822191
          0,           0,         945,       -10.4405359,      -7.554878239,      -7.501833745,      -7.502799253,      -4.960868554
          0,           0,         946,      -10.45536082,      -7.563905248,      -7.511063698,      -7.510924897,      -4.976047413
          0,           0,         947,      -10.47103868,      -7.574942597,      -7.521222743,      -7.519935588,      -4.992159283
          0,           0,         948,      -10.48731495,       -7.58797077,      -7.532227519,      -7.529782703,      -5.008942134
          0,           0,         949,      -10.50386839,      -7.602936207,      -7.543967358,      -7.540393895,       -5.02606286
          0,           0,         950,      -10.52032663,      -7.619735813,      -7.556304154,      -7.551674709,      -5.043125658
          0,           0,         951,      -10.53626317,      -7.638197202,       -7.56906969,      -7.563506017,      -5.059671519
          0,           0,         952,       -10.5512316,      -7.658054826,      -7.582065992,      -7.575740952,      -5.075212889
          0,           0,         953,      -10.56480478,      -7.678922216,       -7.59506439,      -7.588203112,      -5.089273706
          0,           0,         954,      -10.57663168,      -7.700275971,      -7.607808953,      -7.600685875,      -5.101457007
          0,           0,         955,      -10.58646825,      -7.721448127,      -7.620027985,      -7.612955133,      -5.111480162
          0,           0,         956,      -10.59419094,      -7.741642564,       -7.63145203,      -7.624760031,      -5.119197267
          0,           0,         957,      -10.59981168,      -7.759986937,       -7.64183754,      -7.635847367,      -5.124617559
          0,           0,         958,      -10.60349642,       -7.77562481,      -7.650988331,      -7.645985568,      -5.127925738
          0,           0,         959,      -10.60551388,      -7.787842342,       -7.65877206,      -7.654985828,      -5.129424037
          0,           0,         960,      -10.60622441,      -7.796194476,      -7.665136376,      -7.662723427,      -5.129515382
          0,           0,         961,      -10.60599943,      -7.800588551,      -7.670114595,       -7.66915159,      -5.128617703
          0,           0,         962,       -10.6052325,      -7.801294515,      -7.673832808,      -7.674315408,      -5.127164147
          0,           0,         963,      -10.60430513,      -7.798889958,      -7.676499716,      -7.678347068,      -5.125569119
          0,           0,         964,      -10.60358349,      -7.794154711,      -7.678386764,      -7.681449369,      -5.124221819
          0,           0,         965,      -10.60339225,      -7.787945691,      -7.679795629,      -7.683869994,      -5.123460962
          0,           0,         966,      -10.60401089,      -7.781089535,      -7.681029472,      -7.685876494,      -5.123575436
          0,           0,         967,      -10.60564907,      -7.774309225,      -7.682371112,      -7.687732149,      -5.124779908
          0,           0,         968,      -10.60846252,      -7.768188951,      -7.684068321,      -7.689682115,      -5.127230954
          0,           0,         969,      -10.61255687,      -7.763174303,      -7.686329959,      -7.691945062,      -5.131037069
          0,           0,         970,      -10.61799171,      -7.759590078,      -7.689323173,      -7.694706674,      -5.136259335
          0,           0,         971,      -10.62478906,      -7.757661375,      -7.693177065,      -7.698119925,      -5.142920836
          0,           0,         972,      -10.63294661,      -7.757540907,      -7.697984922,      -7.702304691,      -5.151021854
          0,           0,         973,      -10.64241809,      -7.759328584,      -7.703807533,      -7.707348389,      -5.160519008
          0,           0,         974,      -10.65312997,      -7.763086155,      -7.710676673,      -7.713308825,      -5.171340277
          0,           0,         975,      -10.66497456,      -7.768850655,      -7.718597566,       -7.72021743,      -5.183380274
          0,           0,         976,        -10.677802,      -7.776636955,      -7.727549337,      -7.728079792,      -5.196490908
          0,           0,         977,      -10.69142418,      -7.786439699,      -7.737485889,      -7.736878171,      -5.210482004
          0,           0,         978,      -10.70557306,      -7.798230191,       -7.74833338,      -7.746570494,      -5.225084386
          0,           0,         979,       -10.7199442,      -7.811950034,      -7.759991792,      -7.757092055,      -5.239982363
          0,           0,         980,       -10.7341801,       -7.82749759,      -7.772333127,      -7.768354435,      -5.254801594
          0,           0,         981,      -10.74788784,      -7.844714534,      -7.785198941,      -7.780244469,      -5.269125229
          0,           0,         982,      -10.76068345,       -7.86336606,      -7.798400112,      -7.792622073,      -5.282535903
          0,           0,         983,      -10.77222734,      -7.883121183,       -7.81171925,      -7.805318906,      -5.294653464
          0,           0,         984,      -10.78226028,       -7.90353792,      -7.824909622,      -7.818136507,      -5.305178912
          0,           0,         985,      -10.79061347,       -7.92405344,      -7.837706662,      -7.830848887,      -5.313908017
          0,           0,         986,      -10.79723769,      -7.943991402,      -7.849845141,      -7.843213555,      -5.320768136
          0,           0,         987,      -10.80218543,      -7.962594149,      -7.861075382,       -7.85498265,      -5.325800192
          0,           0,         988,      -10.80561358,      -7.979094644,      -7.871182626,      -7.865918038,       -5.32916386
          0,           0,         989,       -10.8077565,      -7.992811167,      -7.880002344,      -7.875810674,      -5.331111702
          0,           0,         990,      -10.80889414,      -8.003253355,       -7.88743941,      -7.884500627,      -5.331950153
          0,           0,         991,      -10.80931896,       -8.01019693,       -7.89347987,      -7.891900099,      -5.332006037
          0,           0,         992,      -10.80932253,      -8.013720474,      -7.898204936,      -7.898012096,      -5.331603701
          0,           0,         993,      -10.80925912,      -8.014190493,      -7.901793358,       -7.90293714,      -5.331121201
          0,           0,         994,      -10.80945258,      -8.012205429,      -7.904492298,      -7.906852518,      -5.330906806
          0,           0,         995,      -10.81020255,      -8.008494272,      -7.906591859,      -7.909989961,      -5.331272571
          0,           0,         996,      -10.81178956,      -8.003820324,      -7.908396789,      -7.912610429,      -5.332514394
          0,           0,         997,       -10.8144348,       -7.99889635,      -7.910197056,      -7.914978431,      -5.334858633
          0,           0,         998,      -10.81829096,      -7.994329457,      -7.912251792,      -7.917343849,      -5.338465606
          0,           0,         999,      -10.82347682,      -7.990602801,      -7.914782323,      -7.919933678,      -5.343459529
          0,           0,        1000,      -10.83003777,      -7.988081737,      -7.917965801,      -7.922941801,      -5.349892247
          0,           0,        1001,      -10.83801719,      -7.987034776,      -7.921945239,      -7.926530697,      -5.357810567
          0,           0,        1002,      -10.84741742,       -7.98765505,       -7.92682262,      -7.930828932,      -5.367220837
          0,           0,        1003,      -10.85821164,      -7.990077006,      -7.932669069,      -7.935931913,      -5.378099502
          0,           0,        1004,      -10.87034767,      -7.994395181,      -7.939522564,      -7.941904221,      -5.390398766
          0,           0,        1005,      -10.88371684,      -8.000669953,      -7.947392148,      -7.948778741,       -5.40401241
          0,           0,        1006,      -10.89819713,       -8.00893999,      -7.956258573,      -7.956565536,      -5.418818395
          0,           0,        1007,      -10.91362384,      -8.019218201,      -7.966077126,      -7.965249567,      -5.434654122
          0,           0,        1008,      -10.92975802,      -8.031498051,      -7.976774326,      -7.974787554,      -5.451272199
          0,           0,        1009,      -10.94628965,      -8.045738777,       -7.98824962,      -7.985116869,      -5.468354132
          0,           0,        1010,      -10.96288054,      -8.061857649,      -8.000375521,      -7.996152269,      -5.485542571
          0,           0,        1011,      -10.97912222,      -8.079712716,      -8.012994665,      -8.007783272,      -5.502399643
          0,           0,        1012,      -10.99456513,      -8.099075263,      -8.025920887,      -8.019873044,      -5.518437707
          0,           0,        1013,      -11.00876319,      -8.119606299,      -8.038935122,       -8.03225795,      -5.533162195
          0,           0,        1014,      -11.02133678,      -8.140835731,      -8.051792637,      -8.044741752,      -5.546147587
          0,           0,        1015,      -11.03199772,      -8.162149337,      -8.064226063,      -8.057100299,      -5.557059838
          0,           0,        1016,      -11.04056863,      -8.182795599,      -8.075960933,      -8.069087637,      -5.565693713
          0,           0,        1017,      -11.04699595,      -8.201919672,      -8.086741709,      -8.080448368,      -5.571985865
          0,           0,        1018,      -11.05140338,      -8.218645995,      -8.096353408,      -8.090941936,      -5.576071159
          0,           0,        1019,      -11.05401161,      -8.232190052,      -8.104636129,      -8.100359788,       -5.57820014
          0,           0,        1020,       -11.0551699,      -8.241994175,      -8.111509774,      -8.108553864,      -5.578760668
          0,           0,        1021,      -11.05524277,       -8.24782742,      -8.116973401,      -8.115446621,      -5.578164911
          0,           0,        1022,      -11.05461172,      -8.249829597,      -8.121119147,      -8.121046941,      -5.576837873
          0,           0,        1023,      -11.05367001,      -8.248472978,      -8.124125965,      -8.125456405,      -5.575209203
          0,           0,        1024,      -11.05279883,      -8.244476395,      -8.126246279,      -8.128855246,      -5.573686376
          0,           0,        1025,      -11.05234204,      -8.238684629,      -8.127774969,      -8.131476681,      -5.572630585
          0,           0,        1026,       -11.0525934,      -8.231945396,      -8.129015814,      -8.133584363,      -5.572344901
          0,           0,        1027,      -11.05377081,      -8.225024256,      -8.130261326,      -8.135443678,      -5.573056853
          0,           0,        1028,      -11.05608166,      -8.218562445,      -8.131776168,      -8.137310795,      -5.574973264
          0,           0,        1029,      -11.05963696,      -8.213055912,      -8.133782896,      -8.139413163,      -5.578208519
          0,           0,        1030,      -11.06450159,      -8.208869718,      -8.136462855,      -8.141948703,      -5.582827798
          0,           0,        1031,      -11.07073533,      -8.206264122,      -8.139961691,      -8.145084513,      -5.588895644
          0,           0,        1032,      -11.07832171,      -8.205415823,      -8.144382867,      -8.148951333,      -5.596391909
          0,           0,        1033,      -11.08723446,      -8.206441515,      -8.149800081,      -8.153648254,      -5.605296044
